temperature_c,wind_speed_mps,solar_radiation_wm2,battery_level_percent,hour,solar_power_kwh,wind_power_kwh,energy_demand_kwh
-37.3,22.14,0.0,81.18,6,0.0,64.03,137.85
-40.39,22.56,0.0,41.24,19,6.24,58.63,139.44
-28.13,28.69,172.67,84.54,14,35.01,88.07,126.95
-13.19,11.67,295.27,40.14,10,62.86,31.03,108.65
-15.2,25.66,48.39,85.9,7,14.73,68.44,88.86
-42.8,18.5,0.0,26.82,20,5.45,48.29,140.92
-26.79,27.77,0.0,89.29,6,0.0,83.68,114.34
-24.1,34.67,0.0,59.93,18,5.88,99.57,100.96
-19.22,7.02,0.0,43.72,22,3.5,30.19,92.41
-18.99,34.81,140.49,41.21,10,27.71,96.18,107.39
-30.41,3.14,429.91,54.56,10,93.6,13.97,138.44
-22.57,0.08,0.0,99.92,23,6.06,5.5,75.68
-25.76,1.55,0.0,37.63,20,0.0,8.38,102.95
-9.6,11.96,0.0,28.26,3,5.52,30.43,60.0
-23.79,22.15,49.45,66.8,7,14.26,64.86,114.58
-27.36,2.42,0.0,59.08,23,2.04,6.19,104.05
-28.82,0.2,0.0,61.94,2,0.53,0.0,96.88
-22.1,32.8,0.0,73.35,21,7.88,87.01,96.16
-12.84,28.77,0.0,41.37,20,8.47,67.83,87.64
-23.46,28.32,0.0,92.85,1,0.0,86.79,86.01
-18.53,30.95,0.0,54.85,23,2.45,89.25,76.71
-15.49,24.5,404.53,30.33,11,96.49,60.54,88.55
-24.19,3.65,0.0,79.38,5,0.0,14.53,95.99
-27.93,13.97,0.0,71.45,1,0.97,46.72,83.53
-9.93,25.31,0.0,45.26,20,4.02,75.53,70.27
-28.3,9.81,0.0,69.72,0,0.0,22.12,106.78
-26.52,24.06,314.17,37.59,11,72.43,62.98,110.98
-5.39,0.86,0.0,55.59,21,0.0,0.0,66.73
-44.99,10.71,152.84,91.95,11,34.39,35.15,165.92
-37.58,19.22,150.18,30.68,16,37.62,56.69,149.19
-29.64,22.12,175.1,50.94,9,28.97,78.68,124.19
-7.7,20.2,138.04,85.69,15,33.51,46.71,72.82
-42.2,24.42,160.08,97.56,14,43.37,68.06,157.96
-44.62,0.21,312.74,56.31,14,66.67,0.0,186.33
-42.89,3.53,0.0,60.56,18,2.31,13.46,144.25
-41.46,30.41,230.62,65.77,11,56.08,91.55,148.09
-43.5,23.86,0.0,94.59,22,0.0,75.46,138.1
-25.81,3.95,0.0,88.66,19,3.03,12.19,110.1
-21.77,29.47,0.0,33.65,2,4.1,71.04,81.92
-34.13,8.48,0.0,54.94,4,2.55,23.44,116.47
-29.07,16.74,0.0,57.12,18,0.35,49.49,127.77
-41.33,5.08,0.0,83.13,6,0.0,8.19,135.57
-31.55,24.85,0.0,68.23,20,5.57,67.99,120.31
-24.1,23.34,164.54,72.34,8,36.34,57.69,119.87
-15.71,7.39,0.0,99.86,6,0.0,17.02,75.94
-44.87,30.22,64.9,26.0,17,13.01,90.09,143.14
-26.31,14.05,0.0,37.84,3,1.47,43.42,101.66
-33.12,10.24,470.73,52.63,13,97.32,20.3,164.89
-10.89,5.33,51.06,47.82,17,11.3,10.69,86.9
-16.38,9.32,101.56,21.73,8,20.68,26.44,96.31
-21.44,0.77,0.0,27.34,20,5.34,3.52,94.14
-33.91,20.41,0.0,74.48,1,0.0,53.17,123.31
-8.59,29.48,0.0,90.35,19,3.76,85.4,72.28
-43.2,19.21,131.54,61.14,14,34.61,53.58,164.93
-40.62,7.67,0.0,63.14,6,0.0,6.02,145.99
-29.33,1.18,272.71,40.41,11,53.13,0.0,130.24
-40.02,7.51,51.81,81.43,7,18.54,17.43,131.77
-6.74,14.56,135.48,80.14,14,26.19,44.84,93.27
-13.08,26.59,0.0,67.07,2,12.38,78.63,60.66
-34.64,6.57,463.71,37.01,13,94.79,8.36,140.4
-21.46,25.19,131.67,27.76,16,29.65,73.16,130.74
-5.71,30.34,0.0,25.14,3,0.0,84.51,60.0
-9.63,15.89,97.91,67.42,17,20.71,45.25,88.14
-20.97,28.75,61.57,86.0,7,15.4,76.82,100.37
-8.85,19.41,0.0,88.67,3,2.08,53.98,60.0
-5.43,22.3,0.0,57.09,1,0.0,69.34,60.0
-15.27,18.42,0.0,82.74,5,0.0,52.25,81.11
-42.4,16.21,0.0,95.75,21,4.19,45.13,133.0
-28.94,8.21,134.14,42.01,9,32.02,20.11,130.13
-11.49,10.61,0.0,51.84,3,0.46,36.02,60.0
-35.78,10.15,0.0,94.52,21,2.39,20.74,114.88
-11.77,19.72,92.64,47.06,17,23.46,50.4,79.25
-40.19,4.2,283.96,93.11,11,59.42,3.73,160.17
-43.12,32.09,0.0,98.48,1,2.24,91.06,127.8
-29.64,25.22,112.96,72.94,9,22.64,77.69,140.22
-43.53,14.05,0.0,85.35,3,3.21,37.37,133.83
-6.71,5.55,417.63,79.96,13,91.11,9.12,80.48
-11.95,30.87,314.45,75.96,15,71.63,96.25,97.14
-12.97,28.83,276.22,44.55,14,59.03,83.43,89.57
-19.81,25.26,109.25,24.57,7,26.69,72.39,96.91
-36.35,9.5,372.36,47.44,13,78.0,25.46,154.52
-24.27,14.09,0.0,73.35,22,0.14,43.47,96.23
-21.11,3.6,83.45,28.2,7,22.28,11.65,110.86
-24.0,6.62,0.0,20.95,20,1.87,15.65,122.92
-34.59,27.41,305.42,31.18,15,67.96,74.87,151.06
-24.39,25.03,289.26,77.26,12,70.85,63.96,134.48
-25.35,20.77,111.83,97.82,17,28.7,51.29,139.12
-5.15,31.35,309.35,98.65,14,71.48,86.0,74.67
-9.1,20.41,0.0,59.52,20,2.63,64.07,70.41
-26.46,16.34,0.0,89.55,23,3.13,39.55,92.8
-20.08,11.91,276.96,78.95,12,67.56,38.37,122.3
-15.09,32.92,170.67,60.08,8,35.88,87.38,94.03
-43.61,2.9,384.46,65.82,14,88.62,0.0,160.78
-9.2,32.58,194.62,30.98,12,44.24,94.5,91.71
-10.59,28.94,0.0,95.01,0,0.0,90.8,68.29
-26.7,4.55,0.0,48.15,6,0.0,7.61,97.65
-29.35,19.77,101.37,55.69,8,23.18,45.94,116.85
-34.08,30.33,0.0,73.73,23,0.0,87.65,105.81
-25.93,20.01,0.0,46.71,0,3.46,50.49,96.27
-43.22,31.75,390.61,40.34,11,85.52,92.12,174.6
-10.91,33.0,109.91,70.48,7,24.52,99.31,61.92
-43.58,14.78,0.0,22.0,23,5.43,43.37,135.04
-31.84,13.21,313.43,77.66,10,69.47,41.85,129.38
-7.74,32.77,0.0,61.12,18,6.21,96.66,83.73
-15.59,23.63,221.57,68.46,16,46.65,72.1,99.13
-33.74,4.06,94.49,70.55,7,16.4,11.64,129.27
-34.89,1.48,0.0,62.16,2,0.0,8.82,113.36
-44.8,19.76,0.0,66.6,2,0.0,56.31,144.17
-17.17,32.56,0.0,74.7,0,3.62,93.52,90.78
-43.05,29.55,0.0,80.25,4,0.0,101.05,126.9
-23.7,23.65,334.82,78.2,9,71.19,67.67,107.52
-6.52,4.87,0.0,89.57,6,2.87,4.65,66.26
-40.62,8.9,97.36,35.16,8,21.9,23.74,141.49
-9.22,30.64,0.0,52.09,6,0.0,83.93,77.09
-5.34,6.4,82.43,95.82,8,9.99,16.33,79.16
-42.54,9.75,100.84,51.73,7,27.39,33.02,143.22
-9.68,4.54,450.07,29.99,11,101.91,19.5,84.78
-24.36,23.66,0.0,62.04,1,8.22,65.61,87.39
-8.74,33.04,0.0,28.76,0,0.0,84.16,60.0
-22.15,9.41,137.32,36.23,15,24.39,26.94,120.84
-18.52,16.64,0.0,99.87,22,3.98,43.33,63.99
-23.25,22.2,0.0,63.31,22,0.0,63.42,84.68
-10.42,34.98,0.0,42.72,23,2.51,97.22,60.0
-15.64,3.67,0.0,99.58,4,6.48,17.57,69.3
-24.15,17.45,0.0,97.32,2,1.55,50.51,66.83
-10.27,13.48,447.22,55.26,11,99.06,34.5,77.08
-35.19,30.3,97.24,40.83,7,22.31,76.53,120.98
-38.71,16.66,0.0,87.07,21,0.0,46.36,129.24
-38.58,3.88,0.0,77.25,2,4.43,10.6,118.0
-31.64,22.2,0.0,74.96,0,4.69,60.59,101.17
-35.45,26.98,0.0,91.45,2,2.12,80.2,120.98
-7.8,0.1,0.0,75.15,4,0.0,0.0,64.8
-40.77,30.06,297.93,42.7,14,65.06,79.59,162.28
-17.04,6.51,195.0,75.51,13,48.65,18.55,110.45
-37.43,19.32,0.0,44.47,2,0.0,50.74,112.11
-9.73,14.55,0.0,80.74,0,4.74,38.6,60.0
-6.55,25.19,0.0,69.58,4,0.22,70.17,60.0
-26.38,12.99,0.0,26.19,22,2.85,40.49,97.3
-9.84,30.44,448.75,61.03,13,97.08,84.63,99.93
-44.79,25.57,0.0,47.46,6,0.34,59.78,158.71
-12.2,22.67,217.15,46.29,8,49.52,59.86,83.54
-35.85,27.87,246.31,68.18,14,49.86,81.01,154.19
-8.65,26.39,331.86,45.79,14,74.1,78.47,67.57
-44.96,1.26,350.79,82.15,9,66.42,8.44,158.45
-22.75,13.82,229.0,25.66,12,47.97,45.3,117.79
-14.73,32.58,0.0,72.83,18,2.18,91.93,102.99
-34.65,4.4,0.0,84.74,6,4.48,13.9,128.71
-37.27,25.8,99.15,73.83,16,23.7,66.16,152.68
-41.64,34.11,0.0,59.78,19,0.0,82.46,149.15
-31.94,1.83,0.0,96.02,3,4.13,0.0,109.04
-22.61,23.88,0.0,44.0,4,0.0,62.65,103.27
-40.37,16.39,0.0,21.53,22,2.46,37.73,111.64
-29.93,20.27,0.0,54.56,6,0.0,55.0,116.36
-44.64,2.99,173.03,22.64,12,34.97,5.6,178.63
-12.25,1.51,400.07,96.31,14,84.19,9.85,83.21
-39.86,23.34,270.49,36.79,10,60.06,59.54,161.12
-33.67,28.82,0.0,83.11,3,0.0,81.54,106.4
-44.26,27.37,316.76,81.97,12,71.72,74.12,169.64
-27.71,19.03,0.0,37.42,6,0.0,47.24,104.06
-11.4,3.5,0.0,69.7,18,0.0,5.43,91.41
-29.31,24.08,0.0,23.85,21,1.1,55.12,107.18
-37.82,8.47,0.0,58.69,1,0.0,28.21,125.97
-14.85,31.89,277.98,21.17,9,57.62,97.71,99.15
-13.45,29.34,277.63,93.69,12,59.62,80.55,94.63
-38.05,24.83,0.0,98.09,20,0.0,69.7,137.07
-14.17,33.21,0.0,37.78,5,0.0,91.21,70.87
-7.11,1.1,185.31,36.65,11,46.25,0.0,85.74
-38.34,25.77,338.48,80.3,11,81.06,76.39,151.48
-14.16,11.56,0.0,40.27,19,9.0,34.28,92.35
-16.66,31.71,373.63,91.61,10,86.79,71.32,107.7
-26.06,9.33,0.0,65.91,22,0.0,19.92,98.36
-42.68,25.37,0.0,48.06,6,0.0,58.72,137.75
-42.01,30.72,0.0,86.62,0,0.0,95.35,118.88
-10.9,1.46,0.0,59.47,0,7.94,3.06,61.68
-5.39,13.92,0.0,92.93,19,0.0,40.42,60.8
-17.96,26.68,418.62,94.24,12,97.17,72.58,95.87
-27.16,15.92,128.82,33.23,8,33.11,51.19,107.77
-19.1,9.35,0.0,20.19,2,0.76,31.34,91.64
-21.22,7.69,0.0,98.71,6,0.0,20.24,90.75
-29.66,4.6,0.0,92.49,5,0.0,23.19,118.91
-42.37,30.0,59.3,24.44,7,13.63,85.11,144.36
-12.14,20.14,171.43,86.64,8,42.83,47.63,95.28
-30.13,2.67,0.0,56.62,4,0.08,8.08,116.9
-12.25,13.39,0.0,40.72,0,0.0,40.6,60.0
-34.9,12.87,0.0,90.3,18,3.95,35.24,119.53
-44.96,6.36,174.83,35.73,9,37.55,15.34,146.69
-38.64,15.24,405.72,95.78,11,79.08,53.26,148.13
-26.26,11.62,0.0,36.45,23,1.3,25.42,111.3
-7.23,11.96,382.22,69.09,14,86.09,16.91,84.01
-40.91,25.87,0.0,37.85,21,0.0,82.15,136.16
-10.83,7.81,0.0,63.65,23,0.0,14.51,72.66
-23.92,22.47,86.67,74.72,8,21.7,61.2,112.17
-11.96,19.97,0.0,35.22,19,1.33,53.65,80.92
-33.07,19.88,126.74,61.67,16,21.63,63.05,144.46
-11.4,23.21,238.2,57.52,16,57.42,73.6,94.12
-14.09,19.19,0.0,25.68,19,6.83,45.98,84.2
-35.8,30.77,236.77,85.46,11,50.05,94.3,142.58
-39.75,23.65,0.0,46.85,6,0.0,74.25,137.42
-10.28,19.14,0.0,65.97,1,3.08,53.71,67.37
-6.47,29.04,0.0,61.18,2,0.0,86.91,65.1
-43.75,21.22,101.94,61.06,16,24.57,65.61,165.32
-15.75,10.19,0.0,28.58,4,8.81,27.02,81.96
-8.62,7.25,170.34,53.88,16,31.29,19.35,87.85
-10.71,5.33,0.0,56.19,23,0.0,18.46,61.27
-6.42,31.48,231.39,78.69,16,50.13,78.37,84.97
-14.6,24.85,88.06,87.2,16,24.54,67.46,108.36
-27.31,32.81,0.0,63.6,1,14.22,84.67,88.99
-32.52,21.12,0.0,26.94,1,0.99,67.68,95.93
-32.17,16.57,0.0,38.95,21,0.0,44.2,111.51
-16.02,2.09,0.0,33.19,22,0.0,7.51,78.21
-15.17,23.51,0.0,29.97,4,0.0,64.52,81.61
-36.99,20.38,0.0,49.27,0,2.89,55.36,110.08
-10.28,34.66,0.0,38.35,0,1.51,98.31,60.0
-16.4,8.37,0.0,37.46,18,0.0,19.05,90.66
-22.49,18.58,0.0,24.38,1,0.0,50.83,83.93
-26.14,22.78,0.0,21.41,20,0.0,62.55,97.55
-23.27,22.56,426.57,28.22,11,92.89,60.63,114.73
-38.63,19.65,0.0,33.78,5,0.0,57.37,136.92
-36.85,27.19,0.0,54.48,22,0.2,73.45,122.97
-41.35,7.17,0.0,60.84,3,4.94,29.74,132.15
-38.85,25.4,0.0,31.25,22,0.0,74.89,123.9
-26.85,21.69,334.84,53.98,10,71.49,52.64,119.77
-23.79,31.36,0.0,47.34,23,0.0,91.11,87.85
-44.29,29.65,139.75,34.67,16,29.85,78.88,168.16
-13.13,11.03,0.0,20.55,5,1.02,31.7,61.96
-33.23,9.67,0.0,57.36,23,0.0,22.69,124.72
-8.53,34.36,0.0,74.85,4,0.0,83.04,64.64
-6.3,18.45,0.0,38.1,19,4.64,51.53,63.57
-37.58,31.72,0.0,30.54,1,2.59,80.21,125.18
-26.52,5.74,0.0,90.96,5,1.49,18.59,113.12
-44.95,22.5,0.0,42.0,21,2.48,64.05,141.25
-21.07,28.35,153.16,37.89,10,31.4,75.76,111.35
-20.71,33.16,147.16,88.57,15,29.55,103.8,127.1
-35.1,11.81,121.19,85.37,15,31.75,25.63,163.76
-22.66,25.37,0.0,55.87,0,3.31,67.29,86.7
-35.98,18.86,93.61,59.14,8,17.61,46.08,128.55
-38.57,2.12,0.0,37.42,5,0.0,18.18,126.09
-18.94,24.15,338.96,26.26,15,71.67,75.73,119.52
-31.96,24.15,0.0,65.87,2,2.17,59.09,98.68
-21.39,32.57,0.0,27.87,19,0.0,86.24,99.39
-27.67,17.41,0.0,55.94,3,1.32,44.0,101.63
-5.63,8.06,0.0,95.24,18,5.68,19.26,63.66
-39.02,1.56,0.0,96.23,2,0.0,0.0,131.23
-26.42,14.55,0.0,39.15,18,0.94,37.11,122.33
-17.78,10.57,0.0,69.93,19,2.74,35.63,109.19
-29.18,26.64,0.0,57.93,6,0.0,86.27,119.79
-6.01,12.4,0.0,90.05,19,0.0,25.45,60.0
-16.12,33.22,147.62,41.71,8,35.38,86.77,98.37
-18.72,33.68,0.0,20.3,0,0.15,95.59,85.7
-14.72,21.73,51.08,33.0,7,11.72,51.36,94.7
-6.89,32.5,0.0,47.96,6,0.13,92.44,60.0
-8.69,26.63,55.18,45.26,17,16.05,77.8,74.95
-16.03,19.14,62.6,83.31,7,15.51,57.8,80.15
-15.03,6.31,0.0,74.44,0,1.8,20.74,82.52
-39.16,16.05,163.61,43.96,10,40.88,41.73,157.86
-40.89,19.63,117.47,56.62,17,32.27,53.87,146.39
-22.16,30.24,0.0,27.64,22,8.97,77.59,91.04
-44.27,16.85,146.29,91.85,9,29.87,49.97,159.4
-25.71,31.42,0.0,94.83,2,9.88,97.6,85.39
-36.59,23.6,0.0,98.38,6,0.0,68.85,130.13
-31.16,4.79,259.5,89.48,15,64.83,9.24,139.67
-13.97,34.82,278.86,33.92,15,58.81,103.46,115.77
-7.35,18.45,0.0,23.7,19,0.0,65.85,64.92
-42.1,13.72,82.34,66.37,16,18.19,39.87,145.67
-23.63,23.07,0.0,93.01,1,0.0,67.92,79.59
-9.7,3.81,0.0,34.19,0,0.35,14.73,60.0
-41.7,22.28,134.89,20.56,15,26.41,52.76,157.91
-12.02,17.44,230.85,84.44,11,45.85,46.37,87.66
-30.69,14.23,0.0,26.14,4,0.0,36.76,115.37
-32.12,33.36,0.0,53.1,4,6.36,98.42,103.01
-5.9,18.29,0.0,74.31,22,0.0,55.52,60.0
-36.97,7.67,178.73,38.94,8,43.08,20.75,155.99
-17.27,16.06,100.96,26.72,8,18.83,41.52,101.08
-12.14,32.18,0.0,81.6,2,0.0,79.98,66.93
-43.35,6.16,0.0,70.41,18,1.82,17.16,168.89
-18.18,7.49,244.25,99.08,15,60.76,15.24,119.55
-6.94,0.46,321.36,47.54,15,71.54,0.0,89.38
-40.03,0.5,0.0,24.94,2,3.31,6.96,122.19
-9.15,29.03,0.0,78.75,19,5.98,86.22,73.95
-21.21,25.62,0.0,61.74,23,0.0,68.8,84.5
-20.34,12.43,0.0,37.06,21,0.0,25.39,86.54
-20.48,24.44,0.0,82.54,23,1.89,63.48,85.16
-33.05,13.83,0.0,36.3,0,2.6,44.68,112.13
-7.59,33.35,0.0,40.85,23,0.0,96.19,60.0
-7.11,33.85,0.0,27.4,19,1.18,91.95,82.7
-19.99,13.75,369.79,51.95,10,81.35,38.85,113.98
-13.66,29.9,235.26,53.51,16,48.6,71.27,94.68
-20.51,27.06,71.42,61.16,7,15.43,62.86,100.89
-25.62,10.85,0.0,76.72,3,0.0,42.24,102.22
-18.57,8.12,0.0,92.49,5,0.0,25.78,74.12
-22.88,16.04,100.29,31.02,7,22.33,44.92,103.5
-21.1,27.35,0.0,24.35,19,3.61,74.2,90.93
-13.65,33.61,0.0,21.48,2,0.0,83.54,87.9
-25.76,26.73,186.67,31.49,15,37.22,80.8,127.37
-43.37,29.93,0.0,72.64,2,0.0,76.98,122.61
-38.44,21.11,93.48,78.2,17,22.76,63.33,176.36
-27.46,29.24,415.92,82.92,13,98.17,82.66,128.12
-16.01,27.45,81.35,39.5,17,20.98,76.55,96.55
-21.27,13.19,0.0,44.47,1,5.2,29.12,81.7
-18.99,19.32,0.0,58.65,21,0.0,46.36,79.99
-25.83,28.17,0.0,25.05,2,0.0,81.22,95.42
-20.37,1.61,327.58,68.89,15,76.14,4.98,96.72
-31.84,28.28,101.1,98.7,8,16.65,79.47,137.39
-26.19,6.23,0.0,48.86,3,0.0,19.16,87.01
-15.23,18.01,0.0,80.23,0,3.77,38.81,66.8
-10.13,28.29,0.0,60.0,3,1.03,85.3,66.71
-27.65,8.88,0.0,30.22,0,0.0,22.73,95.81
-43.25,8.6,149.25,66.58,13,26.31,31.1,165.84
-38.53,14.1,0.0,43.99,20,5.35,27.43,126.01
-44.17,31.31,246.36,22.75,15,45.99,91.08,183.53
-18.87,0.02,0.0,70.79,19,2.53,3.41,99.77
-31.71,31.55,0.0,88.71,23,0.0,79.42,99.51
-23.3,5.38,41.01,47.58,7,13.21,11.23,106.69
-25.27,34.65,0.0,51.22,6,0.0,90.66,95.71
-41.74,33.42,0.0,91.28,2,10.46,98.76,142.22
-28.87,17.31,108.12,85.09,16,25.4,50.32,131.84
-36.18,17.95,0.0,77.2,0,2.27,59.85,108.4
-28.26,16.85,292.21,39.9,15,61.19,48.4,137.34
-36.86,22.24,451.03,92.82,11,98.69,66.67,148.46
-11.38,3.18,0.0,32.35,18,0.0,15.94,73.39
-38.03,1.14,0.0,70.14,21,7.18,6.52,131.71
-6.57,2.02,0.0,22.3,22,1.6,3.35,60.0
-28.36,15.55,0.0,71.5,21,2.18,40.12,116.49
-11.15,9.64,234.3,42.17,13,53.68,26.51,97.05
-19.85,21.77,0.0,55.97,5,2.51,65.74,89.53
-15.59,34.74,0.0,47.62,5,0.0,92.68,80.58
-14.29,13.52,226.36,33.82,12,58.0,41.77,115.59
-24.81,20.08,0.0,69.76,18,0.0,58.16,110.76
-23.27,14.55,0.0,90.56,21,0.0,33.22,99.95
-24.44,29.65,79.17,96.73,7,23.54,86.64,112.7
-21.48,31.58,0.0,35.39,1,7.74,89.28,86.05
-43.82,30.71,0.0,77.39,20,3.22,82.68,142.96
-29.18,34.1,0.0,73.15,0,0.0,96.24,101.77
-20.75,0.96,179.8,47.47,14,40.07,0.0,116.29
-21.09,29.39,0.0,21.53,0,0.67,83.78,98.69
-13.28,26.31,0.0,75.18,4,0.81,72.66,66.83
-18.8,8.0,224.45,95.64,15,44.46,13.22,103.65
-5.31,33.47,0.0,70.57,18,5.04,92.89,70.29
-33.65,5.19,0.0,54.82,3,0.54,11.88,111.83
-30.63,23.78,0.0,62.01,2,0.0,70.4,105.57
-29.65,7.87,212.85,35.97,16,44.83,27.31,128.3
-26.37,15.1,124.59,80.04,16,28.49,39.23,125.62
-11.56,25.17,427.94,79.71,11,88.54,65.74,96.06
-35.57,19.72,328.46,31.64,13,75.77,45.14,157.5
-13.96,14.96,0.0,90.24,20,0.94,37.0,80.8
-28.79,11.42,0.0,41.54,5,6.26,30.04,109.16
-20.93,29.39,0.0,98.58,2,0.31,74.26,86.79
-19.7,5.03,100.02,50.63,8,17.66,19.44,108.94
-30.09,15.05,0.0,34.23,4,0.0,43.71,99.6
-24.5,31.63,0.0,48.14,23,0.0,87.84,82.29
-28.48,29.6,179.65,55.21,16,38.38,82.78,142.95
-42.23,14.03,275.08,25.54,13,58.25,41.12,170.54
-27.51,26.71,0.0,66.26,20,0.51,78.59,108.11
-41.1,28.81,0.0,67.81,2,0.0,85.52,127.19
-28.8,31.11,0.0,79.11,0,1.02,85.25,96.83
-21.28,19.06,0.0,22.33,19,0.0,52.52,102.51
-21.82,7.16,0.0,63.3,20,2.53,21.09,89.57
-18.5,8.94,0.0,24.23,22,0.0,23.94,88.69
-41.19,10.35,0.0,76.09,0,4.98,34.21,128.63
-18.92,20.78,0.0,24.46,2,2.61,65.55,79.93
-32.51,1.15,88.94,92.94,17,20.34,5.28,127.37
-29.04,22.26,234.87,76.17,9,50.84,56.88,131.08
-10.68,12.75,0.0,60.59,21,0.0,38.75,61.53
-44.64,10.33,0.0,55.32,2,5.65,31.23,129.28
-21.46,30.78,62.2,30.45,7,10.96,80.23,101.91
-21.05,16.1,183.27,43.28,13,40.68,47.38,138.37
-29.13,3.33,0.0,89.52,23,1.38,6.06,103.87
-35.52,28.94,109.28,92.36,17,23.31,85.51,120.59
-35.61,1.67,379.16,20.06,14,88.83,7.68,144.59
-9.65,25.44,0.0,67.53,21,0.0,72.57,71.7
-27.32,27.09,0.0,77.54,22,6.94,76.08,92.35
-31.76,12.34,0.0,69.5,1,2.69,21.75,112.52
-27.05,28.87,187.83,26.53,9,40.34,73.55,123.78
-18.22,18.05,0.0,37.42,1,0.0,49.76,84.01
-39.17,16.22,154.5,40.03,16,25.12,54.53,148.43
-27.02,1.59,79.73,86.54,7,14.15,7.84,108.35
-21.48,10.15,0.0,57.06,0,0.0,39.3,88.39
-7.06,32.59,247.21,58.95,8,55.09,91.75,74.13
-34.9,13.71,371.33,94.79,10,86.73,38.2,142.96
-30.63,19.13,0.0,70.97,21,8.15,62.11,124.94
-29.83,18.62,274.5,91.89,15,61.48,51.18,140.05
-20.78,20.67,0.0,56.52,6,0.82,51.96,79.14
-30.73,2.15,120.69,31.95,9,24.59,7.92,137.0
-23.66,12.68,0.0,94.39,22,0.0,42.24,98.92
-13.73,25.31,0.0,56.7,2,0.0,65.91,76.3
-16.78,7.02,43.08,34.53,17,8.66,23.19,92.4
-27.15,7.13,0.0,44.19,23,3.9,19.4,100.74
-10.43,0.35,181.9,24.06,12,42.1,3.69,95.23
-22.67,15.31,0.0,57.46,6,0.89,44.75,91.55
-23.4,30.9,0.0,88.25,3,0.0,84.03,97.47
-43.63,1.82,209.46,94.69,12,38.15,4.46,165.44
-5.53,6.69,0.0,94.61,19,0.0,16.61,75.39
-40.08,10.85,0.0,30.02,0,0.0,31.09,118.85
-35.75,25.61,108.21,50.56,7,22.64,66.63,120.97
-42.93,22.42,284.74,22.26,13,66.62,59.13,164.51
-19.4,14.56,267.67,88.41,15,62.76,38.28,114.12
-36.01,26.57,340.84,48.7,13,78.16,76.75,146.95
-37.8,21.34,152.4,70.49,11,31.47,51.26,128.23
-41.46,31.36,0.0,77.19,18,4.58,87.17,152.94
-40.87,28.63,0.0,54.39,22,0.0,75.91,134.22
-21.61,8.85,423.25,44.52,14,96.53,22.31,124.43
-17.47,9.5,0.0,96.98,1,0.0,22.64,71.39
-29.1,4.39,0.0,97.16,1,0.0,13.46,96.54
-25.8,11.79,0.0,43.15,22,6.61,32.07,109.55
-17.56,34.98,0.0,58.37,21,0.0,102.21,71.03
-44.3,14.2,0.0,97.83,18,0.0,42.17,154.14
-32.07,7.72,0.0,20.39,21,4.41,12.39,116.69
-6.08,26.69,0.0,53.01,21,4.87,68.97,63.22
-21.8,18.99,111.36,28.04,16,22.77,52.13,116.05
-34.83,5.24,0.0,60.73,19,1.11,14.41,123.25
-24.13,13.32,133.87,21.97,9,30.0,32.07,125.43
-31.29,14.51,0.0,52.55,5,0.0,48.45,113.85
-23.71,26.38,366.82,37.66,14,75.12,79.05,110.2
-39.97,0.72,0.0,62.66,21,3.77,0.0,134.61
-39.69,9.42,320.18,99.68,10,67.11,28.45,157.85
-39.26,18.12,0.0,84.04,4,2.12,50.46,143.33
-7.41,9.41,0.0,87.65,0,1.05,33.81,60.0
-15.68,22.0,68.26,70.82,7,19.88,52.18,76.64
-38.5,16.87,0.0,23.32,20,0.0,59.6,122.47
-37.47,12.66,469.99,36.54,11,104.97,30.39,162.09
-15.77,33.22,391.77,94.01,11,85.93,95.29,97.86
-38.75,22.13,0.0,49.29,4,0.0,58.33,114.13
-35.62,4.55,0.0,28.29,6,0.0,10.48,135.71
-6.47,19.6,0.0,76.19,3,0.91,44.74,60.0
-34.79,27.33,0.0,43.96,5,2.52,83.71,129.11
-18.53,24.8,155.84,41.51,12,34.54,67.82,104.83
-5.85,6.02,0.0,99.84,19,0.38,15.65,78.66
-30.03,34.03,375.56,88.65,14,80.63,109.16,144.43
-44.3,15.71,0.0,52.64,2,0.0,49.74,128.29
-35.23,5.57,0.0,98.42,22,0.0,11.59,105.49
-11.76,6.31,72.53,72.01,7,13.88,14.01,98.31
-10.42,3.44,0.0,79.36,19,2.38,11.19,75.24
-14.26,28.12,122.89,22.52,15,29.86,83.36,94.86
-40.48,4.27,213.43,29.73,12,41.85,22.47,171.53
-13.18,4.38,125.53,70.65,17,24.03,2.62,99.56
-8.25,29.77,326.36,91.92,9,68.96,87.72,90.61
-20.98,12.06,0.0,69.9,18,0.0,39.09,104.03
-7.36,1.08,155.44,30.72,16,27.46,0.0,97.97
-11.93,1.82,0.0,29.26,23,0.0,2.93,60.0
-18.32,4.98,0.0,87.53,18,0.0,4.16,94.55
-21.91,7.47,0.0,31.14,22,1.6,17.91,92.59
-31.06,23.28,0.0,61.62,4,0.0,66.58,118.95
-38.63,5.51,0.0,22.97,20,0.0,24.99,139.62
-20.8,4.16,0.0,26.45,22,0.0,21.77,86.37
-32.28,26.77,248.96,73.79,8,52.98,68.78,125.87
-10.34,23.49,148.63,75.13,11,30.44,74.52,101.72
-5.27,15.24,0.0,47.32,20,6.54,30.98,67.05
-14.9,19.23,0.0,37.25,0,3.99,50.33,62.4
-41.38,10.92,0.0,85.1,0,0.0,28.77,120.42
-33.45,16.89,168.57,37.37,14,37.75,48.8,140.61
-40.64,17.73,0.0,63.36,1,3.78,50.28,120.02
-18.98,13.55,0.0,97.46,21,0.0,40.13,94.99
-14.39,31.73,181.01,31.83,15,34.15,87.75,104.73
-7.97,0.56,105.03,95.27,7,15.92,7.33,76.0
-27.47,27.38,395.25,34.63,12,92.04,80.82,133.35
-8.94,4.35,0.0,65.4,20,0.0,10.44,70.92
-9.88,27.91,0.0,50.16,0,1.17,83.2,60.0
-32.31,21.56,192.65,97.19,15,40.09,72.78,147.02
-10.24,29.51,0.0,41.88,6,0.0,78.59,67.36
-29.97,3.41,0.0,51.97,4,0.0,19.6,106.94
-33.13,19.56,0.0,98.63,21,0.0,51.27,114.1
-19.04,17.54,0.0,62.92,22,3.4,57.57,84.33
-31.86,24.72,0.0,60.21,2,5.97,65.94,111.29
-19.79,18.7,168.27,40.62,11,37.17,56.95,105.06
-20.61,18.93,310.86,76.11,15,62.32,54.08,116.95
-22.46,15.04,0.0,21.15,18,1.99,31.4,104.48
-29.78,10.81,0.0,23.96,4,5.06,41.76,117.36
-23.06,16.88,0.0,67.95,21,3.89,41.89,86.81
-21.14,4.15,381.32,47.33,13,83.77,4.0,110.49
-23.17,33.65,0.0,96.27,4,0.0,90.38,89.37
-27.22,25.0,355.64,92.26,14,78.09,85.19,123.87
-44.41,33.34,147.17,77.1,16,37.28,85.83,162.63
-21.52,7.94,211.07,85.45,13,49.48,23.3,115.12
-38.26,30.78,0.0,73.39,19,0.0,79.45,138.88
-19.3,28.31,0.0,30.05,4,0.0,73.56,91.8
-14.63,23.7,293.82,81.24,11,62.71,56.76,102.34
-24.98,21.88,184.6,36.82,15,36.35,63.16,125.84
-23.31,11.08,331.76,45.88,15,78.39,30.06,112.41
-6.94,28.57,0.0,85.54,20,0.0,73.21,63.54
-11.11,17.55,0.0,62.92,6,1.96,54.38,70.41
-8.43,2.48,0.0,88.8,3,0.0,12.82,62.41
-12.45,10.95,0.0,37.04,0,0.0,33.1,60.0
-40.64,32.74,0.0,68.62,4,0.0,98.7,123.79
-39.04,29.77,0.0,26.7,22,2.18,81.26,129.7
-23.94,34.37,166.1,71.44,9,35.51,98.17,131.51
-35.16,21.98,0.0,81.0,21,0.0,59.47,120.94
-25.93,8.66,0.0,66.79,4,0.08,15.2,99.66
-29.23,5.7,0.0,41.3,3,0.0,17.28,110.3
-23.02,6.54,0.0,22.51,1,6.18,19.26,90.72
-15.12,0.69,0.0,29.56,19,0.0,1.75,91.4
-16.38,13.67,121.14,69.78,9,23.98,40.52,98.27
-24.15,6.7,0.0,94.75,18,7.9,27.23,111.18
-12.1,14.41,0.0,36.52,0,2.96,39.12,60.0
-27.77,32.72,0.0,78.8,23,0.0,85.87,103.4
-9.13,15.07,0.0,89.32,4,0.0,40.71,65.07
-42.15,30.73,238.76,61.67,12,54.42,85.22,169.85
-6.81,21.19,0.0,73.54,3,0.17,65.23,60.0
-18.81,8.65,174.26,85.2,15,41.9,24.86,117.61
-29.8,12.45,0.0,40.85,23,0.0,27.97,113.04
-37.11,2.94,136.18,43.75,15,32.76,13.06,141.52
-25.83,11.67,0.0,20.05,22,0.0,36.55,95.72
-37.22,23.71,0.0,97.05,1,0.0,67.03,127.28
-38.35,2.52,184.72,93.4,16,38.17,12.75,145.9
-20.31,7.19,0.0,81.17,19,0.0,26.83,102.91
-24.08,13.35,0.0,26.33,23,0.0,35.12,91.46
-18.2,34.37,244.87,55.8,11,58.43,90.84,112.28
-7.82,27.47,61.99,28.15,17,9.02,76.84,80.52
-23.71,25.67,0.0,21.27,2,0.0,75.1,94.74
-21.76,4.07,0.0,69.29,0,0.0,10.76,76.31
-41.41,27.33,0.0,96.87,0,4.09,70.59,120.41
-16.29,27.48,0.0,92.23,18,0.0,77.92,106.21
-29.0,21.04,246.52,75.74,10,51.95,46.71,147.33
-5.93,34.66,0.0,27.73,4,3.36,95.1,60.0
-12.07,11.38,345.72,41.93,11,75.82,36.97,109.86
-24.1,32.94,0.0,45.6,2,4.51,97.66,83.46
-40.07,32.02,0.0,81.05,0,0.0,67.1,120.51
-10.62,0.4,0.0,84.18,0,0.0,0.0,71.64
-13.01,15.75,54.89,50.81,7,17.42,47.7,89.05
-37.62,34.2,285.02,53.43,9,58.2,88.7,158.62
-33.19,3.61,364.11,23.56,10,84.24,7.88,143.49
-13.26,19.17,386.58,43.13,11,84.1,60.92,90.66
-37.59,34.26,352.64,56.1,12,79.32,93.02,155.87
-8.29,19.44,149.83,29.36,11,38.02,64.02,97.44
-28.02,6.64,266.72,56.26,13,60.4,14.14,132.58
-41.52,20.38,0.0,88.25,1,0.0,65.52,125.05
-12.37,7.16,0.0,66.51,18,2.25,20.25,89.74
-30.06,18.19,117.04,26.31,17,23.1,45.66,124.66
-23.94,2.59,0.0,35.33,2,1.09,15.73,91.65
-40.51,21.19,0.0,57.96,22,0.0,52.09,130.9
-44.9,18.09,121.55,48.92,16,26.86,45.88,161.58
-19.48,25.91,68.97,48.7,7,19.93,75.49,104.7
-24.39,22.07,244.02,62.34,9,52.49,62.28,121.83
-21.26,19.24,0.0,66.75,1,4.37,55.52,79.94
-13.25,24.14,0.0,83.75,18,12.37,65.38,87.69
-19.14,5.04,216.35,47.28,8,47.48,6.92,98.6
-38.01,20.84,0.0,84.44,6,2.46,54.44,127.85
-30.57,6.02,0.0,47.09,3,1.91,24.78,92.08
-8.76,32.39,0.0,24.43,20,0.9,82.67,64.74
-14.2,2.39,105.49,64.34,17,26.36,16.56,89.25
-22.73,15.06,222.94,67.03,12,48.05,44.06,122.31
-34.77,24.35,170.2,94.76,10,34.79,64.6,146.75
-32.92,16.03,0.0,78.08,23,0.0,32.87,104.42
-15.72,3.22,0.0,93.42,3,0.0,0.0,75.98
-10.95,19.37,0.0,92.67,20,3.61,52.1,65.78
-18.14,22.46,0.0,68.37,3,0.0,60.03,77.32
-12.62,24.63,106.3,62.22,9,24.37,69.67,85.94
-14.33,13.06,0.0,64.6,4,0.0,46.88,78.77
-39.01,19.73,79.31,98.27,8,14.97,58.47,145.41
-28.04,15.77,0.0,81.85,23,0.0,43.38,99.22
-38.88,23.52,0.0,28.5,2,5.45,73.16,117.15
-35.59,20.42,137.4,82.27,16,32.3,58.08,142.4
-10.23,18.4,0.0,33.64,2,10.66,61.12,73.75
-26.08,8.73,116.04,55.79,15,29.85,20.41,122.96
-23.59,0.07,0.0,36.84,3,5.36,0.0,94.14
-37.86,6.09,100.47,75.17,17,15.11,5.05,145.39
-32.51,4.1,238.05,90.18,16,45.3,10.85,141.86
-35.79,15.72,0.0,43.23,6,0.17,36.61,134.78
-36.75,21.43,0.0,26.56,23,0.0,52.51,116.43
-19.48,7.46,0.0,43.88,22,0.0,27.09,89.81
-34.72,32.87,0.0,73.79,4,10.11,81.7,139.71
-19.72,0.23,271.31,46.3,11,64.45,1.27,117.51
-42.66,27.03,230.1,42.25,16,46.88,75.18,173.49
-39.33,21.88,0.0,34.75,22,0.0,61.82,131.65
-34.02,13.07,203.16,59.8,12,40.62,44.9,138.77
-21.12,1.77,0.0,42.08,22,0.0,0.0,89.94
-17.97,21.96,0.0,78.48,2,0.0,69.8,73.5
-27.29,13.5,106.93,26.13,8,18.41,27.24,113.93
-27.17,32.77,243.91,73.12,16,58.18,95.66,125.92
-16.02,18.97,149.93,39.0,16,30.14,61.97,100.73
-44.37,32.89,0.0,59.14,19,2.59,67.77,143.13
-31.36,7.72,285.77,42.89,15,63.08,21.4,160.25
-12.25,25.4,0.0,77.82,21,3.75,70.42,78.41
-20.87,21.6,201.53,95.62,12,43.38,60.91,119.26
-31.51,25.88,0.0,93.37,18,0.0,82.73,128.7
-8.78,7.51,129.82,66.67,16,26.17,16.45,95.66
-14.1,23.27,0.0,57.01,3,0.0,58.05,86.04
-34.4,17.43,279.54,85.46,11,69.76,49.28,150.75
-19.19,26.0,76.19,74.67,8,17.07,79.55,101.85
-21.17,11.45,0.0,34.69,18,0.02,35.41,117.01
-28.95,31.15,456.43,85.67,11,103.94,87.43,134.42
-30.32,2.95,217.11,54.31,8,47.76,6.88,128.85
-31.26,28.25,0.0,35.12,6,4.49,67.06,126.12
-20.31,30.15,413.68,42.54,13,89.52,87.94,113.59
-27.3,28.6,0.0,41.4,19,0.0,84.31,97.45
-11.73,17.95,0.0,61.54,18,0.0,46.11,80.98
-18.22,15.34,173.3,38.75,14,45.53,40.16,117.65
-42.2,34.87,268.84,29.89,15,58.87,91.35,168.05
-19.39,8.02,0.0,29.9,20,0.0,27.66,102.74
-34.15,19.14,0.0,66.66,4,0.79,51.4,113.23
-21.29,23.47,0.0,78.78,2,0.0,64.82,96.1
-17.79,24.53,450.25,45.72,11,97.5,72.46,110.21
-35.77,7.14,0.0,22.77,19,1.24,21.95,137.53
-26.73,22.89,0.0,30.18,20,6.08,67.47,115.38
-37.39,28.64,0.0,93.18,3,0.41,81.24,109.62
-42.91,1.75,0.0,59.48,20,0.0,6.08,135.7
-29.86,31.9,0.0,56.29,22,0.0,90.45,98.66
-30.48,1.03,241.18,23.04,15,55.69,5.6,145.22
-5.18,12.46,0.0,78.29,6,0.0,37.9,60.0
-27.15,0.55,454.96,62.25,12,95.92,0.0,147.34
-31.66,2.7,0.0,36.17,20,0.85,3.98,119.02
-21.78,31.89,173.8,28.81,9,31.41,88.07,99.15
-41.45,12.42,0.0,50.67,6,0.0,37.49,135.15
-6.53,14.87,177.85,86.97,13,37.21,51.22,87.31
-19.6,7.54,0.0,89.22,4,3.51,16.23,88.51
-14.81,20.9,0.0,68.23,2,0.0,63.79,61.32
-38.18,20.82,0.0,78.2,22,4.75,54.88,129.82
-28.62,13.03,332.79,29.21,10,73.53,44.71,136.38
-28.09,11.66,200.01,67.05,10,51.11,44.12,123.4
-12.13,30.97,60.89,73.36,17,7.85,76.23,105.44
-44.95,13.41,222.67,36.06,14,55.46,35.59,166.02
-32.97,17.27,166.42,90.41,11,34.97,34.25,134.12
-5.75,9.92,106.0,35.6,8,29.22,17.64,60.0
-26.0,27.54,107.34,45.08,9,28.36,67.35,129.97
-29.7,13.91,295.47,69.64,11,53.6,42.69,135.11
-40.21,17.98,89.74,71.07,16,21.66,52.97,151.36
-6.03,8.87,0.0,75.95,5,3.99,29.64,60.0
-44.2,34.57,0.0,28.96,6,5.31,100.44,143.47
-15.51,10.2,463.89,87.96,13,97.35,31.47,125.17
-14.26,26.98,454.94,62.63,12,102.45,76.22,85.6
-35.25,14.96,65.04,57.71,7,15.09,41.1,126.5
-18.14,7.22,299.9,98.49,9,67.7,26.33,117.25
-41.28,27.99,215.57,79.23,8,51.42,78.45,159.47
-34.72,11.68,128.19,29.44,17,32.83,35.86,134.82
-13.48,30.28,0.0,80.52,1,0.0,70.8,67.28
-10.41,32.03,0.0,27.62,4,1.06,82.63,67.88
-20.66,30.09,0.0,22.2,4,0.16,90.13,87.79
-24.73,1.23,0.0,52.29,5,0.0,0.0,113.68
-38.63,27.56,0.0,99.49,18,0.0,68.8,146.36
-42.48,14.4,66.65,33.99,7,15.45,44.17,156.54
-40.29,30.58,318.83,73.81,15,67.73,85.63,159.68
-35.91,22.33,485.82,33.87,12,110.41,60.08,134.13
-31.33,29.18,0.0,77.98,0,5.08,90.76,96.0
-29.76,17.48,0.0,60.43,21,0.0,56.97,102.59
-31.15,18.73,0.0,74.4,19,5.27,51.32,120.54
-35.44,5.05,218.6,36.23,16,44.82,18.47,161.32
-24.61,27.44,0.0,79.65,6,3.59,63.4,106.38
-11.99,14.68,372.62,99.65,12,87.24,47.66,96.92
-33.81,17.5,0.0,73.25,3,0.0,42.48,122.7
-7.3,27.48,0.0,59.48,3,0.0,68.23,60.0
-10.07,20.96,0.0,93.85,5,0.0,47.98,63.24
-38.53,7.04,0.0,21.27,18,1.45,8.54,138.33
-13.55,20.66,413.0,78.39,11,98.72,64.33,102.58
-22.02,14.27,0.0,91.1,21,0.0,43.74,100.61
-22.34,16.43,0.0,24.93,6,0.4,41.41,102.26
-29.36,0.99,337.19,56.01,9,73.83,7.9,131.49
-24.95,7.35,0.0,36.38,18,0.0,17.01,110.66
-29.11,9.84,0.0,65.32,6,0.0,29.49,115.95
-23.41,24.95,0.0,71.96,2,0.0,66.97,81.4
-19.88,0.4,472.77,44.21,12,108.98,0.4,120.52
-18.03,14.31,199.7,56.8,12,49.3,34.62,107.05
-23.7,32.34,66.38,42.35,17,14.96,85.99,106.17
-16.14,3.92,0.0,49.55,19,0.0,14.24,89.81
-39.35,18.07,94.26,32.76,7,18.77,54.82,125.27
-36.52,27.53,128.6,90.84,8,28.65,74.6,150.8
-12.25,32.99,0.0,20.8,6,7.39,83.22,82.67
-32.1,26.14,0.0,90.59,0,0.0,88.02,109.93
-44.08,25.22,0.0,65.73,2,0.0,70.84,120.6
-38.85,28.93,451.87,46.53,12,97.82,82.88,151.26
-36.06,15.62,115.79,77.84,16,28.49,36.17,146.38
-6.71,28.2,0.0,60.62,23,0.0,86.25,60.0
-22.08,0.28,0.0,59.93,0,0.0,8.99,71.68
-7.69,32.36,0.0,28.81,5,1.89,80.36,60.0
-21.99,15.52,0.0,51.16,20,0.0,42.84,95.45
-25.83,19.37,0.0,39.29,5,0.0,53.15,91.56
-32.45,8.92,341.86,21.26,11,70.92,39.31,151.95
-20.75,25.99,498.42,48.81,12,106.22,81.43,120.99
-39.43,2.68,469.03,27.19,12,102.27,0.0,151.7
-9.07,30.54,197.05,40.55,14,43.53,81.14,100.69
-11.83,28.98,0.0,27.4,20,3.29,75.79,83.11
-32.3,7.56,169.33,28.08,15,32.34,23.4,142.96
-6.89,28.33,0.0,35.92,21,2.71,88.76,60.0
-11.99,27.52,0.0,99.99,20,0.0,77.71,73.33
-18.35,22.13,180.66,20.17,10,32.6,64.97,102.78
-40.13,13.07,0.0,71.09,4,0.05,32.61,118.86
-25.87,9.5,0.0,31.3,3,5.27,29.57,107.55
-24.76,8.11,0.0,93.65,2,3.53,19.88,86.92
-35.7,11.15,0.0,27.49,18,0.0,21.38,137.42
-41.8,31.62,0.0,96.41,19,4.5,91.12,138.68
-13.93,2.72,74.76,68.87,17,17.22,7.56,91.57
-40.12,29.01,273.58,20.1,14,64.11,74.64,182.46
-21.23,12.21,153.97,91.52,8,27.23,44.06,99.56
-7.54,18.26,227.11,61.74,16,44.97,46.53,94.9
-9.96,27.81,324.09,41.01,13,74.22,81.52,93.69
-33.89,30.95,271.75,81.38,14,65.94,84.48,151.38
-10.94,12.07,0.0,94.13,0,1.67,43.06,70.64
-44.99,16.16,0.0,58.7,20,0.0,43.82,150.5
-44.29,14.51,0.0,45.24,21,0.0,30.58,139.62
-20.9,0.46,0.0,83.12,21,0.0,6.15,89.49
-30.41,10.36,0.0,74.54,2,4.85,38.25,102.3
-29.54,16.07,140.06,91.1,15,29.44,42.43,149.49
-22.42,14.39,0.0,75.4,22,4.19,44.37,78.72
-37.33,25.27,143.87,39.48,10,34.26,71.53,134.69
-36.53,13.47,459.58,94.53,11,107.96,35.42,136.32
-25.62,17.13,269.61,28.39,9,60.12,53.01,112.21
-14.83,15.04,290.78,41.44,15,63.77,37.31,107.82
-20.22,25.92,67.05,61.62,7,19.14,72.77,104.58
-33.11,30.2,0.0,65.26,5,0.0,86.1,112.98
-27.79,18.62,232.65,21.22,11,49.41,53.46,130.5
-38.17,27.63,0.0,82.45,23,0.0,72.71,113.46
-42.01,10.39,0.0,48.93,20,0.0,41.45,133.57
-13.69,18.95,90.53,52.51,7,27.61,60.63,88.76
-34.38,12.08,0.0,84.75,3,2.77,39.77,122.43
-37.89,14.5,116.92,50.34,7,20.24,49.2,133.54
-17.34,25.63,48.37,23.78,17,15.42,72.18,114.23
-20.28,30.86,0.0,34.12,4,0.0,84.18,93.61
-19.67,4.25,164.77,96.47,8,38.81,5.37,114.67
-35.84,22.21,0.0,25.63,3,2.5,57.97,114.85
-35.69,20.38,0.0,48.39,21,6.66,50.98,135.68
-36.17,4.14,206.75,60.25,16,43.33,8.42,163.74
-38.05,7.42,203.25,59.46,8,41.75,22.43,139.07
-18.77,10.89,0.0,20.32,0,0.0,35.98,76.67
-11.08,5.84,0.0,60.09,20,0.0,21.67,66.14
-16.03,8.53,0.0,50.7,19,2.9,16.85,80.11
-13.32,9.37,396.95,97.77,12,90.78,30.37,91.63
-28.81,11.75,182.22,32.73,15,45.1,39.76,126.48
-18.84,26.23,234.76,48.33,12,52.81,71.92,115.03
-30.83,20.02,169.57,53.56,13,39.32,63.24,133.67
-23.98,34.52,0.0,51.26,2,0.27,101.91,91.32
-25.73,14.52,0.0,73.27,5,2.83,33.07,103.72
-37.92,26.39,60.07,37.24,17,9.48,87.04,142.66
-29.52,30.5,0.0,37.69,18,0.0,81.11,123.1
-6.45,23.76,0.0,78.34,4,0.0,72.27,60.0
-35.06,14.42,162.65,60.02,14,36.64,45.9,146.03
-39.65,26.38,0.0,53.21,1,0.0,66.52,116.76
-28.26,7.13,291.75,33.54,9,61.65,21.04,125.84
-13.39,11.46,0.0,35.0,23,0.0,37.54,63.07
-21.71,19.13,95.41,20.84,17,24.12,46.16,101.43
-17.76,20.14,178.41,27.31,12,41.89,56.99,115.21
-37.41,0.77,0.0,64.55,4,0.28,8.11,128.59
-20.24,33.08,0.0,91.35,22,1.8,98.97,94.69
-32.06,24.38,0.0,42.97,23,1.88,65.88,100.75
-11.63,17.35,0.0,46.22,0,0.0,57.85,60.0
-19.83,32.66,0.0,29.25,21,0.0,99.28,90.47
-37.05,15.37,0.0,51.09,0,6.15,44.48,114.11
-42.42,34.32,99.66,22.98,17,11.97,92.14,160.89
-43.29,17.93,139.52,93.41,14,27.73,43.21,170.61
-30.14,4.0,168.62,73.85,16,36.28,13.47,136.87
-34.37,26.77,141.33,99.26,10,33.33,83.74,154.02
-19.16,23.76,0.0,90.63,20,4.54,65.65,96.65
-25.03,27.05,0.0,57.84,21,7.43,70.59,101.3
-34.36,33.3,173.43,61.57,16,37.79,98.19,140.77
-39.03,27.18,247.81,35.25,12,54.42,77.15,156.26
-39.91,21.4,0.0,56.96,0,1.45,63.02,115.9
-10.41,30.01,0.0,92.24,1,0.0,80.88,60.0
-35.26,23.56,144.76,24.07,8,27.11,63.75,139.94
-18.93,14.28,0.0,89.08,2,0.0,36.8,88.05
-12.57,31.0,0.0,47.28,0,2.98,89.8,61.63
-20.44,7.77,0.0,91.96,20,0.0,19.72,107.01
-10.62,25.01,318.6,95.27,15,71.75,73.58,91.54
-29.3,30.85,0.0,73.67,22,0.0,82.65,90.1
-6.75,25.6,0.0,73.15,5,0.07,74.67,67.2
-39.67,24.4,96.33,56.22,16,19.58,72.54,150.17
-40.91,26.34,0.0,86.84,4,0.0,75.74,139.34
-18.65,16.28,0.0,96.93,4,2.63,51.09,72.08
-7.29,30.6,0.0,82.01,5,7.38,82.79,64.33
-12.64,7.12,0.0,69.75,2,3.96,24.09,60.0
-41.94,4.46,0.0,68.54,20,4.21,13.89,143.22
-33.83,9.99,0.0,87.96,22,2.85,23.11,121.83
-7.79,18.61,0.0,63.3,4,2.59,40.67,62.69
-34.88,17.87,0.0,84.31,20,0.0,39.88,126.63
-13.75,28.72,0.0,60.71,4,0.0,67.17,60.49
-11.99,14.16,121.27,25.0,9,28.71,42.2,95.22
-25.18,16.95,161.48,50.72,9,37.65,45.51,126.65
-29.55,0.47,0.0,55.56,18,5.09,1.84,115.32
-27.0,14.34,151.76,31.33,16,29.26,39.07,118.96
-35.92,22.67,0.0,28.2,20,2.43,66.97,136.95
-9.42,0.54,418.01,62.84,13,87.7,5.18,91.06
-26.98,9.83,204.05,26.81,8,44.04,27.78,111.05
-9.7,7.28,326.45,44.24,13,71.57,21.0,95.52
-40.77,1.47,0.0,79.57,0,3.45,4.98,121.2
-5.47,16.77,0.0,97.15,18,2.98,55.31,71.98
-27.27,6.36,398.11,77.43,12,88.07,5.78,128.08
-43.09,26.01,497.82,99.41,12,100.91,68.8,163.56
-43.48,29.68,0.0,75.87,3,1.78,88.3,142.95
-15.15,19.1,0.0,43.5,0,0.0,60.13,60.0
-18.64,34.36,222.76,73.76,16,54.57,98.77,112.17
-12.91,15.77,121.78,76.17,7,31.41,43.05,89.97
-40.79,17.97,0.0,49.74,1,0.0,61.49,120.76
-43.58,34.62,64.51,21.42,7,16.52,98.0,157.38
-24.66,8.1,0.0,76.26,6,2.41,22.86,95.92
-29.5,32.99,0.0,21.74,1,2.12,100.36,95.62
-26.52,1.5,0.0,70.5,21,1.6,7.05,97.14
-5.34,15.62,0.0,33.09,21,2.52,49.37,64.36
-6.17,2.45,0.0,65.25,2,6.01,13.2,60.0
-7.31,25.52,49.57,60.31,17,8.7,69.22,92.2
-13.65,21.29,203.0,21.08,11,41.04,70.22,97.18
-30.81,24.73,0.0,49.03,0,3.13,54.47,109.31
-28.51,13.11,0.0,68.09,21,0.0,24.83,111.95
-23.02,12.93,191.88,87.89,11,44.83,32.12,121.44
-11.78,1.59,0.0,91.09,4,1.91,1.91,62.38
-42.25,12.25,159.5,58.71,16,25.71,36.48,169.62
-28.03,32.53,158.6,78.27,15,32.35,86.95,127.14
-41.7,13.27,164.93,45.32,14,42.59,37.08,157.28
-24.41,29.1,0.0,47.37,22,0.0,80.25,102.0
-9.04,29.48,282.21,35.56,14,62.94,94.57,92.44
-13.7,13.06,0.0,64.96,4,0.0,31.74,82.27
-35.89,22.12,0.0,45.17,20,0.0,51.84,127.8
-5.96,3.34,476.47,26.75,13,112.49,16.07,79.9
-18.31,3.63,0.0,74.8,1,0.49,5.88,78.48
-44.58,1.7,282.58,76.62,10,64.24,4.21,161.22
-34.78,20.34,0.0,48.8,18,0.0,53.07,130.2
-34.57,14.91,0.0,26.14,6,0.0,46.17,132.05
-42.23,19.18,0.0,54.1,5,0.0,45.46,152.56
-6.61,18.24,0.0,55.39,1,4.71,34.28,60.0
-25.87,12.26,0.0,73.49,5,0.61,42.1,94.12
-9.17,23.71,102.32,45.23,17,19.43,67.87,81.95
-32.11,26.55,0.0,74.61,1,0.0,80.78,110.76
-39.99,0.51,79.33,89.72,17,20.1,9.0,153.04
-26.03,7.25,381.43,39.0,14,85.73,14.8,138.21
-40.44,24.96,0.0,98.31,18,0.0,70.25,152.95
-25.56,13.53,0.0,50.91,1,0.0,40.92,83.4
-8.19,23.19,0.0,41.38,19,0.0,64.28,68.07
-24.17,12.14,0.0,53.72,5,4.44,32.12,87.13
-20.34,13.68,0.0,27.55,0,3.42,37.02,90.52
-38.73,5.55,0.0,30.06,23,1.64,22.04,107.68
-43.25,9.04,196.74,53.15,14,42.6,23.76,156.27
-40.57,21.19,0.0,81.0,22,0.0,62.93,126.43
-21.06,15.16,341.38,92.02,9,74.49,44.53,113.84
-41.2,27.1,0.0,73.19,18,3.13,70.09,145.13
-29.96,29.84,120.66,28.42,16,30.59,85.36,129.72
-23.0,18.96,0.0,73.76,4,0.0,43.86,89.11
-29.45,26.54,0.0,70.83,3,10.14,76.72,104.58
-38.45,10.74,279.21,84.46,9,61.8,35.42,137.83
-34.05,14.52,0.0,86.02,23,0.0,47.38,105.74
-7.87,24.95,95.27,89.46,16,26.86,64.14,97.49
-17.96,13.52,280.78,53.13,9,53.62,34.64,105.73
-25.16,20.6,163.15,75.83,16,37.81,59.38,128.17
-44.49,6.49,0.0,41.46,19,0.0,15.32,152.34
-5.3,20.99,0.0,99.95,23,5.79,47.2,60.0
-18.14,30.15,0.0,34.03,4,2.42,81.17,84.84
-32.32,30.4,0.0,20.81,1,0.56,86.8,112.92
-9.83,25.35,0.0,31.9,5,2.65,77.39,73.39
-34.66,26.1,0.0,82.07,20,0.0,83.22,124.58
-23.24,19.53,0.0,55.74,1,3.87,55.43,94.77
-19.56,20.46,371.64,55.8,12,76.38,60.69,94.69
-36.16,4.68,266.39,96.4,10,60.04,18.87,153.42
-5.86,15.54,290.89,93.57,10,64.14,31.21,76.2
-15.07,15.78,290.62,44.9,15,56.88,38.07,107.17
-22.69,33.55,380.25,36.72,10,83.93,94.56,111.45
-37.78,15.09,0.0,87.88,18,1.13,51.59,131.16
-42.85,19.23,410.0,92.48,14,87.58,57.62,168.37
-32.2,18.66,0.0,63.33,22,0.0,54.23,100.1
-14.87,22.29,0.0,70.35,22,1.97,61.04,70.79
-34.23,26.19,272.23,40.55,15,61.34,75.89,138.4
-23.42,7.88,410.68,84.06,10,91.26,18.49,116.85
-15.88,18.51,0.0,70.57,21,0.04,47.15,86.31
-40.68,28.91,310.2,60.28,15,65.98,76.79,155.17
-17.59,16.21,101.22,24.81,7,31.36,53.43,95.21
-41.33,9.75,0.0,93.27,3,0.0,22.26,135.25
-6.39,22.91,60.73,69.24,7,9.9,61.76,63.2
-25.46,28.83,0.0,35.42,3,0.22,83.55,89.68
-38.97,2.21,0.0,68.51,23,0.0,0.91,135.1
-31.3,27.19,0.0,74.2,2,0.0,77.49,104.84
-28.46,28.76,0.0,62.06,2,7.5,81.88,103.3
-14.67,16.15,123.34,77.45,17,22.62,41.47,99.29
-15.26,34.42,0.0,66.52,18,0.15,94.82,82.65
-20.52,27.53,0.0,95.82,18,0.0,71.42,97.72
-40.76,27.08,0.0,24.3,20,0.0,84.12,142.02
-38.94,26.17,0.0,28.5,4,6.94,74.82,110.4
-41.25,5.27,56.32,33.89,17,13.52,8.46,152.06
-21.91,7.6,222.71,75.21,9,50.07,22.04,104.28
-9.91,16.24,0.0,71.65,21,0.0,46.5,75.69
-27.65,9.24,0.0,91.36,20,0.0,12.41,112.94
-38.57,14.53,0.0,78.63,5,7.29,48.73,139.38
-22.68,31.1,0.0,60.67,0,2.0,81.14,86.2
-12.53,28.85,0.0,99.35,4,0.0,93.32,67.93
-15.33,22.05,147.16,41.29,8,34.14,66.51,89.95
-9.74,30.03,169.32,86.66,11,38.32,77.32,86.99
-33.88,27.43,339.55,54.14,13,71.34,74.92,168.01
-37.24,15.01,0.0,71.9,1,0.0,47.56,124.39
-9.81,7.04,201.93,78.18,16,53.44,18.29,79.78
-18.7,18.0,266.73,70.7,13,60.25,57.47,134.25
-32.56,25.77,180.47,31.24,12,33.43,69.9,139.78
-15.31,15.27,110.38,55.44,8,26.32,42.28,94.91
-12.4,23.34,295.25,64.92,14,70.17,71.05,106.18
-20.4,3.3,0.0,87.92,21,0.0,12.86,77.58
-17.48,26.18,294.79,55.49,14,63.03,67.75,103.22
-29.99,28.44,0.0,93.5,23,5.82,82.24,117.57
-23.45,24.74,387.22,55.23,10,85.33,70.28,116.52
-24.03,33.85,204.39,63.9,15,44.39,89.31,130.44
-11.08,28.93,117.97,83.7,16,20.61,72.66,87.48
-11.4,31.61,0.0,66.65,3,4.28,76.92,62.73
-11.69,32.67,0.0,96.82,0,0.0,89.71,76.61
-44.56,28.05,48.92,72.83,7,2.08,78.22,155.53
-15.02,23.6,174.82,61.82,16,32.17,69.11,97.01
-14.65,0.2,0.0,21.89,2,0.0,5.48,63.38
-17.86,16.3,0.0,53.1,19,0.0,43.16,88.56
-14.75,19.99,202.72,43.94,14,40.93,55.47,113.77
-11.32,10.64,264.41,79.85,14,67.55,25.24,102.41
-26.19,11.13,0.0,36.66,23,2.83,31.69,86.84
-24.92,33.64,0.0,36.42,21,0.0,100.0,100.52
-40.01,31.21,441.25,35.16,13,95.82,87.99,159.49
-29.58,29.72,0.0,30.05,22,0.0,90.2,108.88
-19.27,14.21,246.81,44.88,13,48.39,45.5,109.57
-13.78,0.48,0.0,90.87,23,2.14,10.09,77.51
-36.31,2.81,0.0,81.99,1,0.0,8.64,115.87
-39.49,10.93,461.58,78.82,12,105.94,27.41,161.25
-18.48,0.55,183.74,83.79,13,46.19,5.27,106.38
-44.92,0.6,0.0,41.55,23,9.41,0.0,131.36
-37.87,32.08,0.0,91.0,18,0.0,93.36,163.23
-43.84,24.72,0.0,30.98,6,0.0,65.24,160.19
-38.32,10.81,0.0,46.91,2,2.77,25.3,120.36
-37.75,4.64,146.43,66.94,14,36.95,20.29,166.7
-29.49,17.91,0.0,28.23,22,3.24,44.07,115.85
-28.91,0.19,313.66,78.41,13,73.32,6.67,130.6
-10.03,32.84,195.55,50.98,10,48.53,95.47,82.99
-24.6,14.52,394.4,82.75,14,87.58,41.22,130.86
-16.06,14.08,180.49,59.43,12,38.86,28.07,108.8
-40.83,13.67,82.97,34.47,17,12.78,47.19,149.61
-35.98,2.43,0.0,78.78,5,0.0,1.19,129.93
-16.88,22.34,0.0,40.17,2,0.0,68.27,62.21
-42.89,25.66,0.0,59.26,18,0.0,67.7,153.94
-25.54,23.66,381.3,26.04,14,83.73,61.62,117.66
-21.03,4.85,0.0,69.43,22,0.0,17.59,77.89
-20.91,20.26,0.0,73.27,4,4.45,59.96,81.62
-44.08,19.93,243.06,50.29,9,55.18,48.93,162.88
-32.12,30.39,0.0,96.35,6,0.0,93.71,114.6
-19.54,13.27,150.4,89.93,16,33.84,35.92,99.97
-39.04,13.0,0.0,76.64,6,0.0,36.81,139.05
-17.18,21.65,0.0,77.09,21,0.0,58.84,94.74
-15.16,22.16,414.1,40.19,11,88.57,55.43,108.05
-5.72,16.42,220.76,72.55,16,47.8,50.39,93.73
-36.61,15.51,495.02,35.86,12,109.47,45.17,163.2
-11.99,17.3,0.0,31.52,19,0.58,43.61,76.48
-24.19,30.14,0.0,99.96,3,0.0,90.06,96.69
-30.06,16.14,190.02,69.79,9,41.48,45.52,128.4
-40.1,32.9,0.0,54.48,2,0.0,92.58,133.33
-15.58,17.64,82.19,43.05,8,4.45,60.05,92.2
-35.57,33.22,410.69,68.31,12,102.65,83.37,143.33
-30.14,29.15,79.22,23.97,17,14.23,71.89,140.3
-42.5,12.69,135.97,27.57,14,26.94,27.16,167.43
-12.95,30.23,0.0,22.63,3,0.0,86.83,61.59
-14.34,3.85,247.35,59.93,14,50.19,8.63,98.94
-15.66,32.38,0.0,68.05,21,0.0,88.99,74.09
-33.02,22.11,0.0,25.0,1,5.41,56.25,100.63
-38.06,1.9,317.59,77.7,14,69.09,15.31,151.3
-19.5,22.55,82.33,38.43,7,16.82,75.15,99.88
-25.15,34.1,98.76,74.82,7,26.53,100.87,109.84
-37.87,2.44,113.35,98.55,16,22.84,0.0,146.54
-17.56,19.41,183.04,75.29,11,40.35,51.43,120.18
-5.35,26.17,0.0,90.66,18,0.0,78.24,60.0
-15.11,28.36,226.02,95.86,9,56.46,79.13,98.69
-15.4,14.48,79.7,58.94,8,21.73,45.96,91.4
-6.99,7.15,0.0,76.19,4,0.0,27.51,60.0
-36.88,1.48,0.0,88.16,5,0.0,15.59,129.05
-22.38,20.29,0.0,48.53,19,0.0,52.88,101.48
-5.81,15.85,0.0,40.91,1,0.0,44.87,60.0
-38.39,33.21,0.0,95.73,23,0.0,90.34,129.81
-16.99,2.12,431.96,78.1,12,99.36,0.0,124.01
-21.57,23.99,0.0,37.57,5,0.0,71.38,88.59
-21.54,0.87,0.0,55.93,4,7.59,5.82,99.83
-17.09,6.0,0.0,83.72,0,1.69,13.52,64.88
-7.82,15.88,0.0,63.77,20,0.0,34.88,65.66
-13.7,15.92,0.0,72.0,21,0.0,42.27,71.42
-42.75,24.0,0.0,80.3,20,0.0,71.59,148.21
-10.89,31.86,0.0,69.76,5,0.0,97.23,73.58
-35.98,22.37,0.0,63.21,5,0.0,58.36,116.95
-29.92,33.37,0.0,79.97,22,1.01,100.08,112.36
-26.53,30.86,111.53,78.21,15,23.27,90.14,124.91
-25.76,20.46,0.0,70.39,3,2.96,59.77,88.55
-27.59,29.18,231.04,48.78,10,50.68,73.94,127.33
-7.51,22.49,0.0,52.46,23,0.0,55.47,60.0
-16.76,2.75,0.0,97.64,22,8.01,2.72,85.59
-19.75,25.92,204.18,28.99,8,45.81,70.62,101.66
-43.01,3.32,0.0,41.48,22,0.0,20.1,135.62
-8.84,20.79,0.0,59.39,2,0.0,54.24,60.0
-8.62,24.59,0.0,86.94,18,0.0,73.48,90.8
-13.79,2.33,102.31,33.09,7,25.59,3.74,96.49
-44.72,8.08,0.0,42.16,4,2.84,25.46,150.46
-42.71,32.05,0.0,25.26,3,6.29,89.36,131.69
-35.99,21.57,0.0,76.48,23,1.92,61.46,108.66
-39.75,8.62,0.0,39.06,5,0.0,26.35,132.32
-29.05,24.17,0.0,51.09,1,2.04,66.18,102.43
-8.1,20.89,0.0,55.5,19,0.0,60.74,78.32
-26.12,17.56,183.98,91.31,10,43.94,56.57,126.68
-44.46,34.17,0.0,52.91,3,5.34,91.15,128.01
-33.69,23.92,385.15,31.62,14,84.06,74.09,141.22
-43.22,13.14,0.0,61.95,5,7.03,35.2,135.07
-43.55,28.0,0.0,97.04,21,4.75,76.17,145.12
-33.97,30.96,108.55,68.61,16,23.95,90.89,145.97
-33.98,4.38,0.0,98.67,23,2.68,10.22,118.72
-13.51,7.02,0.0,87.29,5,1.22,21.57,77.13
-6.01,7.57,0.0,22.88,18,0.09,22.55,60.0
-30.15,24.19,0.0,72.67,1,7.65,55.23,88.52
-27.84,21.11,155.45,42.94,14,36.27,61.61,131.51
-11.21,21.66,237.84,64.77,10,48.96,52.0,92.17
-34.27,32.93,100.46,42.35,7,17.99,84.01,139.42
-38.74,27.16,0.0,47.91,18,0.0,78.25,144.51
-10.88,4.48,439.69,93.85,12,98.69,15.76,87.52
-43.14,12.16,395.02,36.53,11,85.54,41.28,169.79
-20.21,15.24,0.0,89.93,4,1.33,36.14,85.6
-22.52,13.86,0.0,22.44,5,3.75,34.36,91.33
-31.16,23.43,0.0,27.27,21,8.11,68.39,100.64
-32.39,31.22,0.0,88.37,3,0.0,94.76,110.35
-14.13,10.71,0.0,70.44,18,0.0,31.14,91.58
-41.54,19.32,0.0,79.78,19,7.17,48.83,137.42
-35.53,27.63,0.0,36.75,0,0.0,86.4,120.73
-15.7,14.57,0.0,62.97,19,0.0,39.22,93.78
-23.07,5.88,237.5,78.98,16,59.32,15.08,117.87
-39.88,16.62,394.64,70.19,11,91.09,37.92,157.42
-9.71,1.93,222.74,57.74,14,50.94,9.75,100.32
-29.26,32.98,0.0,96.78,0,0.0,97.46,103.93
-11.89,2.62,380.25,74.09,13,82.7,3.1,92.54
-13.49,15.35,0.0,92.62,5,0.0,53.49,73.1
-20.02,18.55,0.0,78.38,4,0.0,48.42,89.77
-25.22,34.49,291.23,78.84,10,63.88,100.32,105.95
-5.82,5.81,0.0,26.4,3,0.0,17.61,60.0
-39.2,4.01,185.48,48.76,12,37.52,0.0,163.08
-15.99,0.3,369.93,88.67,10,72.94,4.1,111.58
-37.35,5.45,0.0,38.61,2,0.31,17.98,126.95
-31.47,7.25,0.0,29.24,0,0.31,9.7,112.99
-32.65,22.07,0.0,46.09,5,7.11,70.95,117.87
-7.12,7.69,54.64,37.64,17,13.52,24.28,70.43
-6.31,0.72,0.0,94.02,23,0.0,9.45,60.0
-37.68,28.93,282.22,89.44,9,61.29,70.71,129.95
-44.12,12.8,0.0,59.97,4,1.95,33.38,148.74
-16.2,12.38,0.0,24.91,22,0.91,41.75,70.38
-28.28,10.59,136.78,77.16,9,32.4,20.24,120.95
-41.45,34.14,185.94,69.87,11,42.41,93.31,169.25
-17.65,5.95,0.0,97.64,1,0.0,19.1,61.91
-23.2,31.44,214.32,64.72,12,45.01,76.66,112.91
-5.78,27.19,68.57,46.91,7,12.73,68.2,68.86
-35.9,2.68,0.0,61.52,1,0.0,15.8,119.14
-28.84,34.54,0.0,98.34,19,0.0,97.07,116.87
-23.3,9.5,0.0,75.71,0,7.35,33.66,87.56
-13.33,3.45,0.0,73.76,4,0.5,10.75,80.75
-23.05,29.03,123.94,39.25,8,26.65,96.02,114.46
-20.48,24.73,98.86,79.49,16,19.77,71.88,115.79
-35.95,21.6,202.4,80.02,8,46.24,68.1,143.95
-11.12,5.46,376.38,45.38,10,87.62,13.81,88.79
-27.85,16.75,207.95,58.7,14,48.64,48.16,150.04
-39.36,27.32,0.0,43.57,23,3.69,80.35,106.54
-18.43,10.63,0.0,40.7,5,0.0,34.61,97.21
-36.36,10.91,0.0,22.07,22,0.0,30.31,128.48
-41.1,0.11,0.0,42.82,2,0.0,0.32,129.02
-10.52,6.1,206.24,64.32,16,45.8,20.09,90.51
-26.59,30.64,0.0,20.13,4,5.09,88.8,98.53
-15.03,15.46,191.15,42.66,11,43.81,37.14,111.48
-33.38,34.45,45.14,90.51,17,16.44,97.81,136.12
-13.52,13.85,446.93,67.49,13,97.17,40.7,95.92
-40.52,25.03,0.0,68.63,20,0.0,64.23,145.7
-30.76,9.87,0.0,52.27,23,2.05,33.07,118.76
-5.88,12.73,349.57,74.12,10,77.38,38.12,64.25
-13.24,6.68,221.37,35.19,8,49.99,32.69,106.64
-25.11,12.15,0.0,85.5,1,0.69,33.86,82.95
-31.41,19.15,251.72,29.34,11,53.44,60.44,131.01
-10.11,34.71,0.0,72.48,2,0.78,100.42,60.0
-23.21,23.25,0.0,47.29,2,3.89,76.63,87.68
-14.66,6.97,0.0,79.8,0,4.3,13.7,60.0
-14.84,1.57,95.31,63.98,7,19.01,1.42,77.38
-44.28,4.42,0.0,56.19,21,0.92,6.76,136.91
-39.95,19.69,68.23,33.55,7,20.92,54.66,143.0
-18.61,26.78,333.82,70.95,10,71.57,68.24,109.55
-38.54,32.91,134.02,97.98,8,26.89,82.99,153.38
-34.78,0.55,0.0,86.05,4,3.18,0.0,127.53
-7.13,18.3,240.01,24.8,13,55.28,38.06,95.88
-22.59,16.48,0.0,50.1,2,0.0,50.08,84.22
-14.97,22.96,0.0,94.05,20,0.0,61.56,67.55
-22.68,19.59,0.0,60.24,4,0.85,47.45,76.26
-22.9,24.05,0.0,72.97,4,0.0,63.39,99.79
-41.23,23.03,0.0,93.01,18,0.0,61.32,156.11
-31.25,4.1,430.79,89.9,13,92.02,5.69,135.82
-33.7,27.99,0.0,60.15,3,2.41,88.01,101.03
-29.37,4.31,239.37,55.01,12,52.06,20.57,127.62
-13.07,24.45,310.98,47.18,9,74.68,77.99,93.15
-30.12,14.57,73.06,77.52,17,7.72,41.87,130.68
-26.93,17.98,127.7,42.96,7,33.45,52.03,121.59
-29.1,31.62,81.06,39.99,7,16.46,84.62,114.42
-41.26,31.15,0.0,48.5,6,0.0,82.14,138.16
-27.36,28.62,75.27,34.18,7,10.35,80.27,123.19
-37.18,17.86,288.55,75.61,13,65.34,53.92,136.8
-37.53,25.77,0.0,69.3,18,0.0,79.33,143.76
-41.24,17.95,0.0,58.63,5,3.27,46.98,133.05
-30.73,30.44,0.0,51.23,0,0.0,77.72,109.92
-14.7,14.1,0.0,92.73,22,0.0,43.88,77.71
-33.94,33.96,205.95,22.33,14,40.54,84.18,140.48
-32.51,32.63,0.0,81.53,0,0.0,91.13,104.08
-19.29,25.96,143.82,92.15,16,35.41,73.22,90.75
-37.17,9.78,0.0,55.71,0,6.02,25.11,124.39
-9.12,4.61,390.82,64.06,14,83.53,3.64,93.37
-24.19,29.91,0.0,95.56,22,0.0,81.55,105.68
-27.1,5.79,0.0,36.98,1,1.96,26.07,92.42
-22.69,29.9,263.28,61.61,13,56.6,87.27,129.23
-38.36,17.18,0.0,57.98,20,1.8,55.07,125.17
-20.46,14.23,118.97,40.67,7,26.16,32.54,77.37
-30.48,31.61,59.78,85.49,7,12.14,90.04,120.3
-9.11,21.13,0.0,91.97,18,0.0,59.69,74.17
-38.25,20.18,0.0,82.55,6,0.6,57.15,125.08
-24.72,19.56,0.0,35.63,18,3.83,58.1,120.23
-21.08,12.99,0.0,26.94,5,0.0,37.26,101.04
-43.66,27.5,0.0,68.44,5,0.0,69.86,141.9
-30.45,8.85,0.0,24.57,2,0.0,28.46,102.14
-15.69,32.86,0.0,73.83,6,6.04,97.05,84.36
-12.18,31.29,0.0,62.43,18,4.85,95.53,80.23
-32.47,11.81,100.89,73.02,7,19.87,41.25,129.93
-13.06,25.53,177.85,67.21,9,40.95,74.34,79.42
-6.29,20.06,0.0,53.82,19,2.45,49.31,60.0
-10.73,11.82,210.29,36.07,14,52.23,23.92,88.66
-40.29,34.6,181.36,44.46,14,33.7,95.52,164.36
-15.41,0.88,0.0,61.96,0,0.0,7.98,68.1
-32.21,8.84,0.0,72.15,19,0.0,29.88,135.75
-5.46,18.2,0.0,82.36,6,0.0,52.6,67.78
-25.59,18.27,0.0,81.37,3,4.27,50.94,88.3
-40.1,20.61,0.0,97.82,5,0.0,69.13,138.29
-15.99,26.31,0.0,42.87,0,0.0,77.11,68.53
-32.08,21.82,0.0,25.69,4,0.91,60.57,115.63
-5.12,21.01,0.0,47.65,22,1.01,54.96,60.0
-5.81,1.87,0.0,79.46,0,0.0,0.0,60.0
-18.75,13.18,0.0,55.05,3,0.0,30.26,81.28
-39.81,8.12,0.0,85.42,21,0.6,16.69,145.38
-17.53,9.29,0.0,63.95,1,2.98,27.7,78.1
-41.28,19.4,330.35,94.38,9,70.08,54.21,154.9
-43.83,6.98,0.0,95.83,4,0.0,17.59,135.28
-12.08,10.29,237.93,25.54,9,59.99,33.23,84.53
-36.61,8.3,0.0,56.51,0,0.0,34.1,120.51
-29.84,33.2,0.0,68.78,21,1.0,88.02,111.45
-6.06,33.06,0.0,40.47,5,2.59,88.52,60.42
-31.53,21.35,287.93,52.57,12,56.2,46.48,144.6
-33.14,32.36,387.83,74.21,14,85.25,90.45,146.35
-8.27,27.5,0.0,38.14,3,0.0,76.23,72.71
-40.57,20.65,162.33,68.16,12,35.19,63.18,156.42
-14.62,0.23,0.0,75.8,23,5.49,0.12,74.03
-5.48,27.04,0.0,27.24,19,0.0,72.18,64.23
-8.95,24.59,0.0,59.8,23,0.0,70.01,60.0
-18.93,21.53,292.78,41.05,14,71.96,63.63,111.48
-32.44,26.61,56.21,77.95,7,7.78,64.8,117.88
-34.83,17.95,0.0,35.16,4,0.0,56.3,117.36
-12.23,24.64,212.21,91.38,14,53.16,76.83,98.08
-9.81,32.73,0.0,54.48,3,0.0,94.93,63.08
-23.98,13.15,430.55,35.84,11,101.3,31.21,118.1
-35.23,24.78,316.71,55.04,12,70.77,67.43,145.65
-40.48,16.65,0.0,52.7,1,5.14,53.72,130.66
-41.51,23.6,0.0,54.31,18,0.74,60.21,143.51
-16.24,26.7,0.0,66.84,18,4.32,78.53,79.68
-28.2,1.59,0.0,61.69,3,0.0,4.15,101.71
-8.79,22.63,0.0,31.98,3,0.0,64.33,66.32
-15.41,7.94,242.96,25.25,10,44.99,17.22,106.14
-37.35,23.45,0.0,78.35,4,3.89,67.64,124.85
-20.45,16.39,0.0,64.78,19,1.68,47.45,109.0
-27.58,27.07,416.1,48.72,10,87.51,66.74,136.06
-21.91,4.32,352.44,84.67,9,70.54,12.07,108.55
-15.48,21.92,79.61,51.04,7,18.64,65.06,90.04
-12.75,9.75,0.0,83.68,5,6.7,24.99,75.37
-11.25,29.85,0.0,44.46,5,0.0,68.89,69.06
-34.84,32.49,115.57,25.83,7,22.79,90.28,139.72
-43.76,34.87,0.0,94.61,22,0.0,106.43,136.33
-15.43,27.86,418.49,51.56,14,97.07,75.94,101.33
-40.75,26.38,260.46,83.42,13,54.18,82.44,140.92
-32.4,7.54,428.71,42.33,10,92.83,16.24,131.62
-44.85,11.76,428.4,71.71,11,98.41,25.96,157.74
-17.73,16.3,433.0,89.86,12,97.81,45.61,110.07
-38.31,27.07,67.62,23.33,7,13.54,70.86,128.25
-18.79,32.02,39.62,86.45,17,5.92,91.64,109.21
-5.33,6.62,0.0,65.71,0,5.86,16.3,60.0
-42.09,32.28,221.38,68.6,14,44.24,99.23,163.74
-41.92,24.35,42.21,61.85,7,8.45,65.53,138.35
-31.38,21.38,283.08,89.96,10,56.25,60.4,138.06
-10.34,6.99,281.14,23.47,11,66.61,23.15,107.48
-36.38,1.94,359.42,40.88,11,77.17,11.17,162.28
-30.58,19.9,0.0,90.06,3,0.0,64.6,94.44
-42.26,22.8,135.95,80.19,15,32.56,62.43,151.02
-14.47,7.38,0.0,21.41,3,0.0,18.27,60.0
-28.67,19.48,0.0,61.36,4,2.54,43.06,95.25
-14.63,29.98,0.0,62.37,23,0.0,96.19,72.61
-8.86,29.23,0.0,52.07,4,0.0,84.01,60.0
-35.69,32.46,112.48,43.79,7,20.78,95.4,125.81
-12.7,12.81,130.62,74.54,9,26.0,39.2,99.25
-42.64,11.13,150.01,36.62,16,31.23,31.46,164.78
-9.05,26.23,184.99,83.92,8,35.9,75.55,64.93
-18.97,15.09,0.0,84.24,21,1.18,38.89,94.59
-10.03,3.06,0.0,53.22,18,0.0,6.76,84.77
-44.99,9.9,457.16,42.68,13,91.11,22.02,175.2
-38.24,14.65,129.18,42.71,7,36.1,50.36,133.56
-29.41,10.24,80.68,58.58,8,18.54,32.04,121.86
-29.82,11.63,0.0,77.57,21,8.04,44.42,94.82
-35.93,10.28,223.96,48.71,10,45.1,42.56,152.71
-29.74,1.45,0.0,68.8,22,1.92,0.0,98.71
-39.85,22.3,0.0,50.6,0,3.58,68.35,117.32
-28.49,20.91,213.68,44.36,13,46.25,50.4,127.6
-12.91,22.87,0.0,21.99,4,0.0,65.1,84.08
-25.84,6.73,0.0,20.31,20,0.0,20.73,100.84
-44.28,10.35,160.78,38.18,13,37.88,21.26,176.95
-28.14,21.69,0.0,52.51,3,2.35,56.31,100.13
-43.91,20.99,0.0,88.1,21,0.0,60.93,134.97
-6.35,17.72,0.0,83.88,22,3.59,50.67,60.0
-39.9,12.26,0.0,41.37,0,3.4,28.22,119.36
-16.69,31.95,0.0,39.56,21,0.0,85.27,81.12
-6.09,11.89,0.0,38.19,22,0.0,24.34,60.0
-11.96,15.95,0.0,47.14,18,0.76,37.44,81.2
-17.03,23.73,87.97,59.86,7,16.37,64.22,87.4
-11.42,19.01,328.01,55.09,14,72.74,59.15,89.46
-5.73,12.14,0.0,37.46,20,5.38,40.68,60.0
-20.15,15.25,309.66,30.44,14,69.88,53.7,105.5
-22.63,27.81,160.61,21.01,8,40.52,80.41,116.35
-19.87,9.73,0.0,32.32,20,0.0,28.37,88.82
-23.69,4.98,117.45,76.43,8,30.19,16.91,107.25
-19.6,10.96,178.26,39.49,9,45.92,33.6,100.79
-27.01,29.73,0.0,57.49,19,0.26,73.54,110.89
-36.26,3.11,0.0,67.3,20,9.29,20.04,132.08
-40.19,34.71,125.62,90.95,8,24.21,85.6,143.18
-42.27,18.94,0.0,91.11,2,0.0,59.92,131.05
-34.47,34.47,0.0,79.66,19,2.6,96.85,141.18
-43.16,32.86,165.74,22.81,10,36.68,85.47,155.12
-22.31,15.85,0.0,66.01,5,0.0,47.57,90.57
-33.65,6.95,0.0,82.93,1,2.48,18.75,115.16
-12.02,5.77,0.0,21.38,6,1.42,12.06,87.76
-42.03,8.4,99.88,63.97,17,19.63,15.23,145.53
-35.95,24.85,0.0,88.62,1,0.76,60.79,101.48
-15.79,9.55,134.32,57.93,16,32.59,23.07,101.46
-21.05,11.95,371.08,20.33,10,79.2,31.14,112.21
-42.42,15.71,171.08,20.88,11,39.71,36.72,168.51
-9.91,31.96,0.0,53.33,18,0.0,89.72,84.84
-9.91,6.63,0.0,32.4,21,0.0,12.16,66.53
-31.78,0.18,0.0,73.16,23,4.45,2.67,116.72
-31.38,2.1,0.0,76.7,6,2.45,13.27,112.93
-5.44,31.67,0.0,34.23,19,0.0,90.41,67.66
-19.95,22.66,0.0,91.08,5,0.0,62.88,79.16
-23.75,9.56,0.0,55.35,20,1.96,23.56,101.25
-11.47,6.2,0.0,31.43,23,0.56,26.04,60.0
-33.59,10.3,0.0,81.14,0,2.47,27.68,101.58
-27.83,4.02,165.04,83.2,16,36.77,26.2,141.63
-34.29,32.95,389.62,71.14,10,85.19,85.16,127.57
-13.43,27.45,0.0,88.28,21,0.0,78.6,72.81
-22.07,16.18,71.41,78.99,17,20.07,53.78,118.17
-18.65,30.27,0.0,90.58,20,2.78,80.62,108.14
-34.91,8.73,200.54,54.71,16,45.74,23.03,144.95
-36.19,25.1,0.0,79.81,6,0.36,74.04,130.83
-25.47,29.96,239.3,99.98,16,50.45,86.22,123.08
-15.5,12.49,0.0,77.99,19,0.0,38.33,96.56
-23.99,26.51,158.21,29.13,8,39.06,81.19,114.89
-43.69,10.33,207.46,61.47,16,49.52,26.84,158.25
-10.26,10.46,0.0,66.99,19,0.0,37.91,85.5
-42.41,3.75,0.0,33.94,21,0.4,0.18,134.6
-6.77,15.4,0.0,97.03,21,1.99,49.58,60.0
-43.99,25.54,77.49,34.05,7,18.78,78.4,138.02
-17.22,32.91,94.45,34.2,16,22.48,87.5,103.0
-41.71,21.13,0.0,93.21,6,0.0,50.46,141.93
-8.57,30.21,0.0,57.22,0,0.0,83.19,63.11
-26.42,28.79,455.9,25.06,12,104.98,83.03,134.64
-39.5,6.07,0.0,67.85,22,6.04,14.99,128.81
-31.37,17.0,0.0,68.15,18,0.0,50.61,135.76
-38.41,4.09,0.0,25.16,23,0.0,23.08,123.02
-38.18,23.88,0.0,97.8,18,3.26,58.68,132.33
-7.08,33.25,129.49,63.52,16,19.67,81.38,70.24
-27.19,4.8,290.59,64.78,12,59.64,13.02,141.43
-13.45,25.69,230.49,61.61,15,50.34,67.85,81.22
-19.42,22.13,114.87,68.86,7,22.88,59.08,95.12
-17.94,20.43,0.0,41.14,18,0.84,64.81,121.98
-39.73,13.65,94.54,42.98,17,26.68,37.5,154.08
-35.63,12.43,0.0,60.91,0,0.0,34.63,113.33
-13.53,1.58,318.39,84.53,13,70.25,1.8,88.29
-6.17,7.63,0.0,23.99,18,0.0,21.13,85.17
-34.49,0.53,424.91,68.27,14,94.03,3.1,156.98
-34.14,20.35,57.07,84.54,17,12.58,73.69,143.59
-26.08,3.7,0.0,32.55,1,10.55,12.04,93.37
-5.65,30.56,0.0,21.2,21,5.96,92.54,62.01
-34.24,18.31,140.77,45.02,16,24.65,52.39,140.87
-28.72,24.49,113.15,67.05,17,21.29,56.41,118.4
-9.34,14.38,0.0,31.06,5,0.0,36.86,73.2
-44.88,19.62,0.0,54.09,18,0.0,56.61,156.99
-43.41,32.99,0.0,64.19,3,0.0,96.71,138.09
-20.84,2.9,0.0,67.91,0,0.0,9.38,81.49
-8.7,8.89,79.61,41.95,7,14.56,30.41,76.83
-35.45,27.3,0.0,52.0,22,0.0,67.68,119.15
-26.21,3.46,0.0,82.27,6,8.08,9.98,106.26
-26.98,2.65,0.0,95.3,2,0.0,15.39,96.21
-26.08,12.65,235.14,88.95,9,49.96,29.59,144.06
-20.1,3.23,136.91,65.14,9,33.09,15.77,113.64
-26.21,20.48,0.0,52.82,18,0.0,63.76,137.01
-27.1,7.92,359.87,46.64,13,74.51,14.75,131.56
-26.03,31.35,0.0,30.0,1,0.0,89.81,90.79
-21.37,27.42,0.0,28.52,0,8.03,77.73,75.03
-23.52,24.49,0.0,75.07,22,0.0,67.51,105.84
-10.83,21.59,0.0,40.78,22,0.0,51.29,60.0
-43.02,30.22,55.93,40.37,17,13.99,83.04,172.12
-11.67,7.81,0.0,99.86,6,0.0,20.93,66.89
-11.24,30.56,123.6,35.03,7,38.15,75.38,85.82
-33.6,27.63,0.0,31.84,0,0.0,69.53,97.81
-26.49,26.19,0.0,27.89,22,6.93,67.77,96.01
-27.46,19.64,0.0,66.38,2,4.65,48.7,97.2
-36.26,8.62,0.0,70.23,23,0.0,26.09,113.4
-29.13,14.82,0.0,49.22,22,0.0,46.97,104.0
-43.22,27.77,90.32,62.83,7,15.75,75.89,147.77
-33.89,1.11,0.0,83.07,21,0.0,7.71,126.01
-12.33,27.37,428.98,85.45,14,92.82,82.35,81.82
-33.62,8.4,0.0,96.63,4,0.63,23.01,110.73
-12.27,5.05,0.0,85.94,2,0.0,16.59,73.64
-23.74,4.05,0.0,65.19,18,1.25,10.0,115.39
-9.81,0.95,0.0,34.37,0,0.0,0.0,68.37
-22.01,18.33,277.64,27.98,14,62.67,46.84,125.88
-43.81,7.64,124.46,24.36,7,29.57,23.35,141.71
-17.98,34.63,0.0,73.32,1,0.0,96.24,80.84
-43.21,20.11,0.0,84.6,2,1.95,60.73,132.48
-26.98,4.83,0.0,60.69,23,0.0,2.2,115.91
-7.82,24.11,329.92,24.38,13,75.56,57.63,95.62
-38.39,31.42,0.0,62.84,23,1.26,78.81,127.06
-29.41,26.08,233.71,94.86,13,52.14,74.02,142.06
-15.81,2.68,273.05,67.81,10,59.66,0.0,105.26
-9.71,31.36,186.33,84.75,15,46.18,89.73,94.48
-18.16,27.79,0.0,84.01,3,1.62,82.33,76.23
-34.67,5.54,0.0,94.57,19,0.0,24.61,134.56
-18.02,1.81,0.0,81.62,4,0.0,13.5,88.5
-33.13,19.51,0.0,79.82,21,0.0,50.46,126.37
-16.26,5.46,0.0,38.73,20,0.0,5.27,92.63
-6.84,29.21,277.5,24.79,13,61.76,78.0,99.11
-16.14,12.54,0.0,61.41,22,0.0,40.97,85.76
-10.48,31.95,286.73,29.95,15,62.81,87.12,97.67
-44.92,19.8,71.23,96.98,17,14.41,55.29,152.67
-16.3,6.39,0.0,43.19,6,4.34,14.55,76.06
-11.82,4.89,124.46,88.24,9,23.4,23.18,87.02
-43.38,20.18,0.0,51.01,6,0.0,50.42,145.15
-10.14,26.67,0.0,45.86,0,0.0,75.08,70.11
-34.73,27.35,0.0,94.81,22,7.45,83.23,95.44
-18.39,9.65,0.0,49.07,20,5.03,38.07,81.53
-12.99,7.15,0.0,51.22,18,0.0,15.85,85.68
-18.49,0.59,170.09,28.49,15,34.23,7.42,102.29
-41.31,23.77,0.0,73.64,18,3.48,62.76,143.16
-21.15,2.68,0.0,43.11,3,1.83,15.77,80.95
-23.02,14.73,95.46,66.85,17,22.7,51.62,106.08
-8.99,21.06,0.0,67.31,1,0.76,53.63,60.0
-28.83,32.8,0.0,77.54,0,3.8,95.76,110.95
-32.16,10.91,302.73,79.62,14,69.72,37.23,147.05
-15.01,8.74,0.0,61.16,4,0.0,22.71,80.41
-28.49,22.9,0.0,46.48,19,0.0,67.41,116.41
-19.16,21.67,368.81,87.0,10,74.38,64.28,116.97
-19.14,11.62,112.02,44.79,9,24.23,44.59,111.89
-9.48,32.48,0.0,60.6,1,0.0,79.12,61.64
-21.05,29.57,0.0,52.1,2,1.0,82.46,77.69
-24.91,7.84,0.0,88.41,22,0.0,14.45,92.54
-39.45,8.37,0.0,54.55,22,7.78,23.52,136.53
-40.37,17.93,438.06,50.89,11,97.75,45.51,154.27
-38.83,27.08,0.0,75.19,19,0.0,74.29,129.12
-38.13,1.54,0.0,68.2,4,0.0,0.0,120.87
-19.48,24.27,0.0,28.58,4,0.0,68.89,96.6
-15.36,22.69,0.0,60.65,5,2.73,69.98,74.51
-23.8,8.1,84.75,78.84,8,17.39,20.44,113.64
-11.84,23.85,0.0,99.37,1,10.14,75.36,60.0
-5.35,32.91,0.0,70.33,20,0.0,98.41,67.22
-12.2,1.64,430.57,49.62,11,95.4,16.8,100.72
-17.2,11.19,0.0,38.09,2,0.0,33.8,62.52
-23.7,15.34,0.0,89.83,19,3.79,42.58,108.28
-27.05,31.47,0.0,85.17,21,0.0,78.6,91.05
-41.62,33.68,244.76,38.71,11,55.94,89.61,156.72
-29.03,15.54,0.0,36.05,23,3.25,42.26,102.19
-8.59,26.25,191.9,77.21,16,42.6,72.96,100.4
-12.68,18.61,139.06,45.2,9,37.62,66.2,93.44
-36.36,18.82,0.0,44.51,23,0.0,51.45,112.27
-26.34,9.73,421.16,32.18,13,99.36,16.63,127.41
-12.33,7.59,0.0,41.12,22,0.0,25.24,75.79
-42.3,10.08,231.75,54.2,16,54.18,31.86,153.76
-29.5,19.47,41.44,78.63,17,8.55,51.76,136.68
-10.93,1.02,0.0,46.9,18,0.0,15.62,78.52
-28.84,31.75,80.67,46.29,16,11.1,77.52,122.85
-41.9,5.47,258.43,42.79,13,55.81,22.81,160.25
-23.3,7.7,164.93,58.26,8,34.99,19.81,96.99
-10.53,18.14,110.99,34.45,7,25.11,45.09,60.0
-21.39,24.85,0.0,58.85,1,2.9,83.98,82.4
-35.95,3.35,396.92,76.33,12,84.09,13.8,149.94
-29.63,11.12,0.0,22.38,6,7.03,29.35,116.58
-27.0,33.9,206.35,20.78,8,43.24,93.01,117.36
-21.83,9.18,0.0,26.01,21,2.41,27.36,111.66
-14.63,10.96,0.0,62.85,21,0.36,27.92,78.53
-41.05,29.28,186.1,88.36,10,40.15,89.78,146.03
-9.41,1.76,206.44,20.39,13,45.58,5.45,83.74
-44.51,16.26,0.0,94.93,3,0.0,51.63,136.34
-30.2,13.29,445.68,28.5,12,96.5,38.46,134.34
-43.9,11.08,0.0,87.36,1,0.0,36.24,122.75
-29.28,10.0,0.0,58.63,22,0.0,36.07,105.22
-23.97,3.2,0.0,72.75,4,0.0,19.05,93.65
-24.53,11.02,394.37,60.85,10,90.14,33.8,133.46
-38.37,1.51,0.0,58.16,5,0.0,0.0,122.09
-19.17,27.33,79.6,86.79,17,15.72,75.49,101.83
-43.21,13.94,0.0,80.47,20,0.88,38.88,157.14
-14.52,15.54,269.41,58.67,9,59.99,40.07,97.57
-7.13,31.28,0.0,28.93,3,0.0,83.14,60.0
-31.41,23.03,98.0,29.23,8,23.14,65.53,122.04
-24.31,0.28,0.0,84.12,5,0.0,0.0,88.77
-29.84,33.01,0.0,62.35,1,0.0,85.36,102.27
-44.73,8.3,200.68,58.53,16,42.17,13.07,173.38
-29.57,3.77,0.0,74.45,4,3.8,13.44,119.37
-13.33,26.88,0.0,88.71,5,0.0,77.31,62.44
-21.16,17.52,330.95,70.31,11,73.85,47.11,123.09
-40.95,15.18,0.0,81.03,22,0.0,48.47,132.68
-11.11,8.73,0.0,81.22,20,4.46,18.45,71.69
-23.76,19.16,313.32,48.5,9,66.6,55.93,111.93
-11.33,9.6,0.0,41.93,21,1.6,27.2,60.0
-21.79,31.56,0.0,84.09,20,0.0,83.92,102.38
-22.61,7.53,0.0,50.17,5,1.56,18.13,84.19
-40.79,30.95,54.5,92.27,7,13.76,83.24,137.75
-38.31,19.58,0.0,25.58,1,0.0,56.34,123.63
-6.12,29.0,185.3,24.66,11,33.3,84.76,68.52
-35.86,24.95,230.61,94.16,12,55.1,67.3,139.71
-5.9,24.38,0.0,71.88,20,0.0,63.99,72.07
-23.72,11.35,0.0,50.37,6,1.47,32.6,102.5
-39.57,8.19,140.46,80.4,9,33.67,13.02,144.76
-41.03,7.38,411.55,73.79,12,88.71,20.87,162.66
-36.65,30.0,83.38,62.5,16,20.41,93.37,152.71
-7.97,28.71,0.0,27.91,20,0.0,76.16,75.87
-28.43,15.42,385.31,84.97,13,86.32,42.11,125.65
-29.18,4.63,0.0,89.28,1,0.08,19.11,92.0
-32.47,13.38,0.0,33.77,21,0.0,41.99,121.3
-39.12,21.68,285.73,88.04,10,63.05,61.08,157.92
-25.49,15.9,0.0,90.23,0,0.0,44.17,81.94
-39.8,27.31,0.0,63.95,18,1.24,69.05,138.32
-11.58,34.92,0.0,72.49,20,1.65,100.72,73.27
-30.18,6.69,0.0,50.58,3,1.38,10.67,105.0
-30.01,16.09,0.0,42.54,18,6.01,32.66,125.1
-26.04,15.08,0.0,77.76,20,0.0,48.27,95.75
-27.23,10.66,387.53,88.95,10,85.15,32.17,126.97
-5.21,6.93,73.33,72.33,7,11.45,24.68,60.0
-23.18,2.3,280.26,60.93,10,67.95,2.02,108.39
-41.47,31.05,0.0,32.71,3,0.0,89.74,129.56
-20.72,14.69,161.12,24.28,16,36.36,38.5,111.41
-38.94,17.39,0.0,55.66,6,0.0,46.73,141.42
-43.76,32.09,64.03,23.95,7,14.34,95.69,143.38
-6.17,27.17,0.0,65.55,2,0.0,75.18,60.0
-14.06,4.57,0.0,50.62,21,3.57,8.62,63.38
-5.8,19.79,0.0,80.58,1,0.0,47.22,60.0
-25.88,15.48,0.0,44.45,22,4.67,45.51,101.92
-23.71,27.9,223.77,67.44,14,45.52,84.48,127.93
-38.27,25.35,0.0,63.01,23,3.9,66.28,127.04
-35.12,24.16,0.0,20.38,21,0.0,71.78,128.7
-11.46,11.92,0.0,25.79,21,0.0,27.72,66.65
-30.75,28.17,0.0,43.23,4,0.0,83.37,112.89
-11.93,1.83,0.0,90.58,23,0.0,5.32,79.61
-16.64,5.59,0.0,31.76,0,0.0,17.26,69.48
-37.91,11.75,0.0,76.87,3,0.0,28.72,132.86
-24.7,2.69,395.94,97.87,14,88.38,9.68,132.74
-17.9,8.22,0.0,83.25,19,0.0,19.43,91.25
-35.6,29.06,0.0,39.44,18,0.21,78.89,135.52
-11.77,33.19,0.0,92.67,2,0.0,83.83,63.45
-23.21,10.66,0.0,27.45,19,2.19,25.22,111.62
-38.39,9.26,348.87,57.45,10,80.95,22.78,154.41
-21.68,9.8,76.29,91.0,16,19.09,29.32,110.62
-5.01,9.72,328.2,71.3,12,71.37,30.79,65.75
-38.98,1.26,172.13,53.09,10,32.99,0.0,157.86
-12.33,32.44,0.0,43.43,1,0.0,89.85,60.0
-36.71,7.48,227.53,50.01,8,49.8,31.06,128.49
-13.7,14.7,0.0,60.72,1,0.0,41.95,62.92
-15.62,0.34,0.0,45.52,20,0.0,0.0,73.99
-32.98,30.03,128.07,97.52,8,33.79,74.01,133.75
-31.97,25.59,200.41,94.65,8,39.48,66.53,126.62
-13.3,33.14,71.31,89.65,7,10.54,87.43,89.54
-26.54,27.36,121.86,53.75,16,29.36,88.48,112.25
-15.77,10.98,0.0,75.3,0,0.0,25.65,66.01
-39.08,8.68,157.63,92.23,10,36.21,24.61,152.74
-10.9,24.42,106.46,88.03,7,29.3,70.6,78.32
-16.56,12.74,109.18,53.15,9,20.53,42.31,104.98
-8.72,19.82,0.0,28.99,6,0.0,55.54,61.21
-39.71,0.22,0.0,26.05,2,2.36,0.0,120.23
-21.28,2.17,0.0,66.17,2,0.0,2.62,87.49
-21.04,18.74,96.4,71.41,17,24.45,54.61,91.7
-30.86,19.81,0.0,87.99,4,0.0,51.36,112.24
-26.66,26.3,407.81,43.4,11,96.79,67.01,134.35
-43.48,4.62,221.24,33.4,11,51.32,9.87,154.58
-15.17,17.96,0.0,50.32,18,0.15,42.34,89.51
-23.03,6.81,0.0,48.29,5,6.84,30.17,107.61
-42.69,3.26,0.0,30.6,1,4.13,12.71,135.2
-17.77,14.37,191.22,73.78,11,43.54,49.96,112.26
-26.33,5.72,0.0,60.7,18,0.0,18.93,124.51
-43.62,7.76,0.0,77.69,4,0.0,30.88,151.67
-6.22,11.11,477.52,48.22,11,109.4,33.31,83.42
-7.04,9.08,234.21,46.06,16,46.33,29.78,78.96
-24.48,3.07,224.06,57.81,16,46.23,0.0,128.49
-41.25,3.15,119.08,90.19,9,22.11,3.33,152.25
-14.82,6.76,0.0,23.22,22,1.61,19.15,66.45
-25.32,1.77,174.57,84.39,16,42.26,5.32,118.11
-32.9,21.93,291.0,49.52,14,67.88,60.95,146.27
-25.34,10.06,299.71,88.37,11,62.52,30.89,121.74
-24.1,9.79,204.27,84.18,15,46.49,30.38,119.61
-22.49,11.62,0.0,47.9,23,0.0,37.73,79.67
-27.35,23.2,0.0,75.51,18,0.0,68.97,130.31
-20.77,30.47,39.01,32.77,7,10.66,92.54,96.95
-8.25,26.57,0.0,91.7,20,4.25,81.67,61.8
-30.51,25.46,165.7,52.36,16,27.86,72.34,129.01
-15.97,16.95,0.0,56.45,22,0.39,59.95,82.83
-9.22,24.28,0.0,76.46,4,5.63,76.14,66.14
-26.76,19.35,0.0,85.67,21,0.93,49.34,99.86
-27.26,7.57,282.89,38.91,15,62.57,23.55,129.82
-20.92,7.3,0.0,72.91,5,0.0,9.38,93.24
-21.34,10.37,41.28,51.36,7,14.6,18.99,95.32
-12.74,31.88,79.52,49.5,17,15.43,86.27,78.7
-25.94,19.16,245.11,75.2,11,53.52,48.4,130.78
-5.16,25.69,411.69,50.97,14,88.69,68.97,77.55
-42.62,12.13,96.81,47.69,8,21.73,35.93,155.95
-44.87,14.27,378.37,86.87,12,88.94,47.31,172.67
-19.39,4.39,145.88,28.1,14,28.47,19.32,114.49
-33.06,6.0,216.49,74.07,9,48.08,19.28,132.32
-35.38,28.96,243.17,39.9,15,55.06,74.57,142.35
-32.52,20.47,0.0,21.24,6,0.0,53.97,111.78
-34.76,11.81,154.64,33.34,16,33.78,36.89,138.28
-43.77,28.1,0.0,68.53,22,7.41,73.72,142.12
-6.14,8.63,0.0,76.73,20,0.0,16.56,74.03
-36.17,34.16,0.0,21.68,21,0.0,98.6,134.58
-15.64,12.07,0.0,22.91,6,1.0,33.51,84.91
-14.5,11.81,449.07,92.2,13,97.29,31.8,115.08
-7.83,10.92,320.38,25.86,14,82.03,37.23,86.16
-43.78,4.27,0.0,91.53,20,2.19,18.49,135.33
-10.12,3.89,0.0,38.25,6,0.0,21.58,86.97
-23.91,22.68,162.42,79.2,8,26.39,59.6,115.52
